y_true,y_pred,prob_hate
0,0,0.0025627227
0,0,0.0029486753
0,0,0.0026068015
0,0,0.0053325165
0,0,0.004677532
1,1,0.99078923
0,0,0.006691994
0,0,0.0030450993
0,0,0.0041296557
0,0,0.0030577134
0,0,0.0049595
0,0,0.0021204904
0,0,0.0023050131
1,1,0.99593985
0,0,0.040376008
0,0,0.0025912996
0,0,0.004083262
0,0,0.0050073466
1,1,0.99523914
0,0,0.011792181
0,0,0.0029820618
0,0,0.024845831
0,0,0.0048173685
1,1,0.9956227
0,0,0.22672075
1,0,0.025789523
0,0,0.0060401554
0,0,0.004874569
0,0,0.0073684375
0,0,0.0035000956
0,0,0.003634113
0,1,0.9939849
1,0,0.39888626
1,0,0.0030654387
0,1,0.9940779
0,0,0.06712275
0,1,0.872876
0,1,0.8054976
1,1,0.99541855
0,0,0.002222983
0,0,0.038228914
1,1,0.9951918
1,0,0.013291785
0,1,0.9931415
0,0,0.0029498753
1,0,0.0340829
0,0,0.056855936
0,0,0.014767671
0,0,0.0051043956
0,0,0.0061739897
0,0,0.00240575
1,1,0.9961145
0,0,0.002288131
0,0,0.0037047777
0,0,0.009064022
1,0,0.017289747
0,0,0.0036418184
0,0,0.010114721
0,0,0.027377153
0,0,0.005389072
0,0,0.0032101322
0,0,0.01945568
1,1,0.9914949
0,0,0.0022614992
1,0,0.014332059
0,1,0.5397366
1,1,0.9956345
0,0,0.002548561
0,0,0.0022270742
0,0,0.0023322818
0,0,0.002818104
0,0,0.002519324
0,0,0.0100382855
1,1,0.9926563
0,0,0.0035849668
1,0,0.028078938
1,1,0.9954112
1,0,0.004400295
1,0,0.016302334
0,0,0.0038299593
0,0,0.00576029
0,0,0.0025395546
0,0,0.0028790352
0,0,0.008971546
0,0,0.0032919322
0,0,0.0035332579
0,0,0.0031807006
1,1,0.63446635
0,1,0.98266625
1,1,0.9944013
1,1,0.9964406
0,0,0.047102522
1,1,0.99517715
0,0,0.005501778
1,1,0.9910272
0,0,0.0030238172
0,0,0.002387969
0,0,0.0026204523
0,0,0.0024794966
1,0,0.07313485
0,0,0.0076188706
0,0,0.054930978
1,1,0.9929604
0,1,0.9947826
0,0,0.30399102
0,0,0.0027849479
1,1,0.9926484
1,0,0.15853426
0,1,0.9826386
1,1,0.99607027
1,1,0.9936522
1,0,0.0070682378
0,0,0.0021316013
0,1,0.9804371
0,0,0.003882506
0,1,0.7639174
1,0,0.35851473
0,0,0.002398266
0,0,0.0022215955
0,0,0.006651473
0,0,0.0047916253
0,0,0.003289327
0,1,0.99567777
0,0,0.004537812
0,0,0.015794199
1,1,0.97123116
0,0,0.0032555228
0,0,0.0022297516
0,0,0.02460496
0,0,0.002628567
0,0,0.007503145
0,0,0.0040523903
0,0,0.007138364
0,0,0.0025663674
0,0,0.0038241185
0,0,0.0026256111
0,0,0.0030518926
0,0,0.0029044442
0,0,0.0023771646
0,0,0.013193065
0,0,0.0038739115
0,0,0.007668225
0,0,0.005421184
0,0,0.0067278375
0,0,0.01815568
0,0,0.0022271508
0,0,0.007251946
0,0,0.008179437
1,1,0.99378693
0,0,0.004673225
1,1,0.9961265
0,0,0.0023848282
1,0,0.018290486
0,0,0.0033767985
1,1,0.99420905
0,0,0.0024666507
0,1,0.9452422
0,0,0.004634854
0,0,0.0037429142
1,0,0.00238316
1,0,0.0026672513
0,0,0.0021595375
1,0,0.055864334
0,1,0.967151
0,0,0.005122487
0,0,0.0032975166
0,0,0.0022570451
0,0,0.009126619
0,0,0.0029071164
0,0,0.0028776582
0,0,0.0022654512
1,1,0.99611735
1,1,0.99530494
0,0,0.0046371776
0,0,0.0027642546
0,0,0.0023276564
1,1,0.99619746
0,0,0.0024165611
1,1,0.8385549
0,0,0.0027487276
0,0,0.0025243114
0,1,0.94432575
1,0,0.03037412
0,0,0.0026628962
0,0,0.0033798458
0,0,0.0025789754
0,1,0.59667504
0,0,0.0032090156
0,0,0.002142917
0,1,0.9306823
0,0,0.005469969
1,0,0.036314927
1,1,0.7030097
1,1,0.99225813
0,0,0.0073549557
0,0,0.005091118
0,0,0.0032801009
1,1,0.9944154
0,0,0.006132248
0,1,0.98830533
0,0,0.0038437194
0,1,0.9742888
0,0,0.005189196
1,0,0.06727959
0,0,0.0033688373
0,0,0.0024188198
0,0,0.002264168
1,1,0.9960525
0,0,0.0036183887
0,0,0.00868154
0,0,0.005621803
1,1,0.9964767
0,0,0.0047625173
0,0,0.07552787
0,1,0.9205969
0,1,0.94229746
0,1,0.97171956
0,0,0.007257093
1,1,0.992863
1,1,0.9770926
0,0,0.00470585
0,0,0.004509069
0,0,0.014263095
0,0,0.0034752502
0,0,0.002470486
0,0,0.0056906207
1,1,0.98707527
0,0,0.0040169265
0,0,0.010047691
0,1,0.6543469
0,0,0.0029561145
0,0,0.003487389
1,1,0.9946702
0,0,0.009489944
0,0,0.0021795884
0,0,0.006789854
0,0,0.008044423
0,0,0.021753171
1,0,0.021317564
0,0,0.016316324
1,1,0.9940187
0,0,0.0066525983
0,0,0.003923757
0,0,0.0022039781
1,1,0.8697925
0,0,0.0045973775
0,0,0.0029397768
0,0,0.0022321907
0,0,0.010060696
0,0,0.003076705
0,0,0.010545219
1,1,0.99585056
0,0,0.0043480014
0,0,0.0021966605
0,0,0.0029341425
0,0,0.0025166734
0,0,0.0023706045
1,1,0.9961563
0,0,0.0027484086
0,0,0.0033341898
0,0,0.0023143475
1,1,0.9239258
0,0,0.0057115257
1,1,0.996382
1,0,0.029886277
1,0,0.00828443
0,0,0.0021398012
1,1,0.9747141
1,1,0.9961398
1,1,0.99096066
0,1,0.9581769
1,1,0.98525244
0,0,0.009577303
0,0,0.0047709304
0,0,0.03187843
1,0,0.02752727
0,0,0.0032586884
0,0,0.0023221448
0,0,0.07109842
0,0,0.0030195464
0,0,0.016844677
0,0,0.0041518016
0,0,0.022718558
1,1,0.96902597
0,0,0.0021022644
0,0,0.0033150683
0,0,0.0024135574
0,0,0.0028161483
1,1,0.9902829
0,1,0.99142087
0,1,0.981506
0,0,0.011798255
0,0,0.011456591
0,1,0.960959
1,1,0.9953329
1,1,0.9958674
0,0,0.0025861424
0,0,0.0024692526
0,0,0.00325571
0,0,0.0042870943
0,0,0.0039039645
1,0,0.0041974876
0,0,0.002527055
1,1,0.9919334
0,0,0.004439465
0,0,0.0023710094
0,1,0.92984986
0,0,0.013409025
1,1,0.9355394
1,0,0.21321948
0,0,0.0033408485
0,1,0.7754344
0,0,0.0064176377
0,1,0.9959777
0,0,0.002353177
0,0,0.0027695058
0,0,0.002817102
0,0,0.010890554
1,0,0.007819994
0,0,0.006525333
0,0,0.002182324
1,0,0.01256076
0,0,0.0045238235
0,1,0.99324715
0,0,0.0022347788
1,1,0.98880917
0,0,0.0031990896
0,0,0.0034869416
0,0,0.004173704
0,0,0.0068845204
0,0,0.002290913
1,0,0.003678453
0,0,0.002772473
0,0,0.00516806
0,0,0.012080411
0,0,0.005797258
0,0,0.004131364
1,1,0.9950363
1,0,0.0038809339
0,0,0.002531983
0,0,0.0027368222
0,0,0.0026530167
0,0,0.015549779
1,1,0.99621946
0,0,0.0066246055
0,0,0.02103642
0,0,0.41364205
0,0,0.0022458225
0,0,0.045827627
0,0,0.0042882613
1,1,0.9925566
0,0,0.006090642
0,0,0.0025352682
1,1,0.9963475
1,1,0.9954941
0,0,0.023774812
0,0,0.016524782
0,0,0.0073708617
0,0,0.01191816
0,0,0.0048705684
0,0,0.0035449904
0,0,0.015336122
1,1,0.99556607
0,0,0.0023152563
1,1,0.9708393
0,0,0.0024945224
0,0,0.0044498667
0,0,0.029051943
0,0,0.00394925
0,0,0.0031413678
0,0,0.0023584631
0,0,0.0027936883
1,0,0.01710967
0,0,0.08647316
0,0,0.005077221
0,0,0.0033879343
0,0,0.004683063
0,0,0.009003348
0,0,0.0023968746
0,0,0.0022701467
0,0,0.002472676
0,0,0.0051718266
0,0,0.004245101
1,1,0.9849303
0,0,0.056488406
0,0,0.002130345
0,0,0.002402603
0,1,0.9202261
0,0,0.024277654
0,0,0.002154241
0,0,0.0042296187
1,1,0.9850162
0,0,0.006253536
0,0,0.033539377
1,1,0.9881787
0,0,0.002732093
0,0,0.017783612
0,0,0.004593857
0,0,0.003947056
1,0,0.02125249
1,0,0.0037040173
0,0,0.0035651554
0,0,0.008089149
0,0,0.02053545
0,0,0.016198669
0,0,0.007239149
0,0,0.010614827
0,0,0.0055656503
0,0,0.0030279243
0,1,0.5158519
0,0,0.010713713
1,0,0.003873332
0,0,0.018000148
0,0,0.0032893864
0,0,0.010385908
0,0,0.009622294
0,0,0.0022169875
0,0,0.008339232
0,0,0.0061334046
0,0,0.0024526664
0,0,0.0023187415
1,0,0.0878924
1,1,0.9942432
0,0,0.05850084
1,0,0.003740156
1,1,0.9948666
1,1,0.99617743
0,1,0.6629238
0,0,0.0023379847
0,0,0.026746571
0,0,0.0035839074
1,0,0.0026150008
1,1,0.99604166
0,1,0.99321485
0,0,0.011705866
0,0,0.002732327
0,0,0.0028485598
0,0,0.021314416
0,0,0.037051916
1,1,0.9950983
0,0,0.010596153
0,0,0.005276528
0,0,0.002288401
0,0,0.0038295228
1,0,0.0031949314
0,0,0.003405953
1,0,0.008921496
0,0,0.0041330145
0,0,0.002248353
0,0,0.0029713996
1,1,0.9963277
1,0,0.0023806887
0,1,0.5053508
1,1,0.99645317
0,0,0.002533149
0,0,0.0023074676
1,0,0.0035436752
0,0,0.0025050892
0,0,0.0028675485
1,1,0.9956963
0,0,0.0031771816
1,1,0.9940942
0,0,0.0046407995
0,1,0.994418
1,1,0.99595624
1,0,0.16172338
1,1,0.9956524
0,0,0.19279614
0,0,0.0030637984
0,1,0.9361921
0,0,0.018867837
0,0,0.13268037
0,0,0.0022986475
1,0,0.006119031
0,0,0.002282963
0,0,0.027977964
1,0,0.0029935476
1,1,0.9930709
1,1,0.99647045
0,0,0.0025415581
0,1,0.99551314
0,0,0.002571438
0,0,0.0030641127
0,0,0.011802844
0,0,0.0037411116
0,0,0.006625176
1,1,0.98199993
0,0,0.0030356022
0,0,0.0026350904
0,0,0.0030393
0,0,0.007721427
1,1,0.54509103
0,0,0.0032937229
1,0,0.008546245
0,0,0.0049575595
0,1,0.99051756
0,0,0.0031726588
0,0,0.010099778
0,0,0.004510165
1,1,0.9959997
0,0,0.008845616
0,0,0.007026159
0,0,0.0032705632
0,0,0.053933337
0,0,0.002213236
0,0,0.0023048378
0,1,0.9894757
1,1,0.6891539
0,0,0.017200416
0,0,0.00323652
0,0,0.0026688217
0,0,0.00232221
0,0,0.025526695
0,0,0.0021710044
0,0,0.0028698319
0,0,0.0047878884
0,0,0.008248259
1,0,0.010997579
0,1,0.91439444
1,1,0.68463486
1,1,0.9952264
0,0,0.02122555
0,0,0.06564126
0,0,0.0029807207
0,0,0.002674097
1,1,0.9960995
0,0,0.005818456
0,0,0.002154189
0,0,0.0035429935
1,1,0.99183804
0,0,0.004075174
0,0,0.0052439407
0,0,0.4033766
1,0,0.008366837
0,1,0.9737051
0,0,0.011019435
0,0,0.002308901
0,0,0.002711191
0,0,0.004175712
0,0,0.0024334106
1,0,0.0031818878
1,1,0.99606067
1,1,0.9946508
0,0,0.0021891627
0,0,0.0057322187
0,0,0.0032916944
0,0,0.0036678084
0,0,0.0067571453
0,0,0.006212269
0,0,0.0021869491
0,0,0.004244821
0,0,0.013158742
1,0,0.018164044
0,0,0.008171134
0,1,0.9923183
0,0,0.08619459
0,0,0.0022689656
0,0,0.00353817
0,0,0.0027087668
0,0,0.0025902574
0,0,0.015740015
0,0,0.002801951
0,0,0.0027356956
0,1,0.99216026
0,0,0.0110360235
1,0,0.08021006
0,0,0.046490025
0,0,0.0027720474
1,1,0.9959126
0,0,0.010417458
1,1,0.99576145
1,0,0.0022759722
0,0,0.016968455
0,1,0.99444336
1,1,0.9950663
1,1,0.9949576
0,0,0.0028543074
0,0,0.0024215726
0,1,0.9858694
1,0,0.06909373
0,0,0.0052463044
0,0,0.0024462827
0,0,0.011862763
1,1,0.99592066
1,1,0.9393555
0,0,0.0023590613
0,0,0.007253339
1,1,0.9945503
0,0,0.002462693
0,0,0.0032268001
0,0,0.0027274159
0,0,0.004941198
0,0,0.012520996
0,0,0.0068926667
1,1,0.9883802
0,0,0.0418367
0,0,0.002255637
0,0,0.002350918
0,0,0.0030772823
0,0,0.0023803194
0,0,0.007669612
0,0,0.0055702208
0,0,0.0024203921
0,0,0.009576589
0,0,0.003115817
0,0,0.004630373
0,0,0.26129377
0,0,0.0024764086
0,0,0.00986833
0,0,0.002934204
0,0,0.0022787666
1,1,0.98970467
0,0,0.0038325724
0,0,0.0028656975
1,0,0.012475081
1,1,0.98295605
0,0,0.0037340377
0,0,0.0028009722
1,0,0.22440073
1,1,0.99488306
0,0,0.0048839366
0,0,0.007764047
0,0,0.013323116
1,0,0.014783017
0,0,0.0022872502
1,1,0.83168864
0,0,0.002501089
0,0,0.008011009
0,0,0.0037596768
1,1,0.9959759
0,0,0.0022780353
0,0,0.005162062
0,0,0.0033690052
0,1,0.9958567
0,0,0.008804827
0,0,0.0033335686
0,0,0.0029807591
1,0,0.0044077686
1,0,0.41702512
0,0,0.003503237
0,1,0.7315368
0,0,0.00468148
1,1,0.99581087
0,0,0.0061950805
0,0,0.008558011
0,0,0.007180185
1,1,0.99410444
0,0,0.01683573
0,0,0.004449106
1,0,0.008640052
0,0,0.0026718217
0,1,0.9907528
0,0,0.026047938
0,0,0.0022450676
0,0,0.0034328979
1,1,0.9964635
0,0,0.0038190265
0,0,0.0038593118
0,0,0.0023792011
0,0,0.0051618805
0,0,0.0022018042
0,0,0.019729981
0,0,0.007378195
1,0,0.0022311094
0,0,0.009676484
0,0,0.0034823187
1,0,0.0022576293
0,0,0.0023020962
0,0,0.0030668455
0,0,0.0032800306
0,0,0.00258728
0,0,0.13301885
1,1,0.99299735
0,0,0.010756655
0,0,0.002962744
0,0,0.007611904
0,1,0.9821593
0,0,0.0027061352
0,0,0.00258098
0,0,0.0038280638
1,1,0.99538416
1,0,0.0077166352
0,1,0.839296
0,0,0.0076010018
0,0,0.0058582746
0,0,0.002349021
1,1,0.99245197
0,0,0.003269865
0,0,0.120394506
0,0,0.006495158
0,0,0.0025953723
1,1,0.99620074
0,0,0.004313836
0,0,0.0044444287
0,0,0.0022628577
0,1,0.9948277
0,0,0.15178324
0,0,0.04009099
1,1,0.8826756
1,1,0.95197505
0,0,0.04837635
0,0,0.0033878733
0,0,0.030328475
1,0,0.0048138653
0,0,0.004206382
0,0,0.0065779826
1,0,0.17757149
0,0,0.23469947
0,0,0.006190683
0,1,0.9945285
0,0,0.009066884
0,0,0.002296491
0,0,0.0061093876
0,0,0.0024463218
1,1,0.99617046
0,0,0.0026597348
1,1,0.9959889
0,0,0.005121418
0,0,0.013291812
0,0,0.0025132059
0,0,0.00272527
1,1,0.9899545
0,0,0.033720404
0,0,0.0033588826
1,0,0.0039168843
1,1,0.98729044
0,0,0.0037323162
0,0,0.021766212
0,0,0.0027605505
0,0,0.010788721
0,0,0.075636715
0,0,0.00783392
1,1,0.99599946
0,0,0.013867514
0,0,0.0033258528
0,0,0.002378546
0,0,0.002294088
0,0,0.02732334
0,0,0.004548965
0,0,0.002323723
1,1,0.9691196
0,0,0.003075118
0,0,0.002218468
0,1,0.69121325
0,0,0.0043206
0,0,0.0058323387
1,1,0.99594575
1,0,0.073457085
0,0,0.038184796
0,0,0.002333963
1,0,0.12585302
0,0,0.0069630076
1,0,0.013308154
0,0,0.013842204
1,0,0.008747857
0,0,0.004846826
0,1,0.9853454
0,0,0.0068721273
0,1,0.99579394
0,0,0.006081245
0,1,0.9864237
0,0,0.061700266
0,0,0.010995246
0,1,0.9947108
1,0,0.031037448
1,1,0.9958549
0,0,0.0022777293
0,0,0.03561482
1,1,0.9944665
0,0,0.004753124
0,0,0.41625202
1,1,0.98188305
1,1,0.99393916
0,0,0.026369445
0,0,0.0023953244
0,0,0.0029790802
0,0,0.002541857
0,0,0.011578153
0,1,0.9698064
0,0,0.0028922816
1,1,0.9957424
1,1,0.99500614
1,1,0.99519956
0,0,0.00282234
1,0,0.0025058293
0,0,0.011733139
0,0,0.028710548
0,0,0.005550625
0,1,0.9928965
0,0,0.0028587936
1,1,0.99539787
0,0,0.0022833734
0,0,0.0068537383
0,0,0.008167466
0,0,0.0065962803
0,0,0.017354134
1,0,0.04184462
0,1,0.7035258
0,0,0.0030543227
0,0,0.0024121648
0,0,0.043268133
0,0,0.0048581944
1,0,0.24304391
0,0,0.005626889
0,0,0.0023402562
0,0,0.003141287
0,0,0.0118306335
0,0,0.0031472775
0,0,0.0061519276
0,0,0.002580661
0,0,0.0030120383
1,1,0.99596053
0,1,0.99058694
0,0,0.002316964
0,0,0.0038830724
0,0,0.010118756
1,1,0.99036694
0,0,0.002389062
0,0,0.00291964
0,0,0.38597897
0,0,0.0053503336
1,0,0.0034990914
0,0,0.0045591467
0,0,0.015467758
0,0,0.19431823
0,1,0.9956487
0,0,0.0024275528
0,0,0.0025074843
0,0,0.014711368
0,0,0.00974732
0,0,0.0037538551
0,0,0.0069070947
1,0,0.011919627
0,0,0.008378933
1,1,0.53445613
0,0,0.0024921815
0,1,0.632259
0,0,0.0026920827
1,1,0.995905
1,1,0.9952408
0,0,0.10749923
0,0,0.0024183642
0,1,0.9933316
0,0,0.0044889664
0,0,0.0022458537
0,0,0.002184206
0,0,0.012294999
0,0,0.031194171
0,0,0.0030728476
0,1,0.5364367
1,1,0.9963626
0,0,0.011507373
0,0,0.0024428198
1,0,0.0032476394
0,0,0.0067475196
0,0,0.003100385
0,0,0.0021659394
0,0,0.0026060913
0,0,0.0051534493
0,0,0.002618433
0,0,0.0022967106
0,0,0.0037546325
0,0,0.00370019
0,0,0.003247511
0,0,0.002391077
0,0,0.004280236
0,0,0.0023557597
0,0,0.0050254376
0,0,0.005838964
1,0,0.009740762
0,0,0.014113494
0,0,0.0033507447
0,0,0.011018199
1,0,0.0383355
0,0,0.0022771172
0,1,0.9955953
0,0,0.0026877618
0,0,0.003402113
0,0,0.0041618086
0,0,0.0021940572
0,0,0.010097114
0,0,0.0039483104
0,0,0.12617463
0,0,0.005739692
0,0,0.0021620132
0,1,0.9949603
1,0,0.0032387327
0,0,0.004464169
0,0,0.002545444
1,1,0.9960592
0,0,0.0059180697
0,0,0.0027627475
0,0,0.03780988
0,0,0.005834979
1,1,0.99560153
0,0,0.0034242948
0,0,0.0030194346
0,0,0.0038790284
0,0,0.002927574
0,0,0.005270433
0,0,0.0035491178
0,0,0.0030122544
0,0,0.0024249235
0,1,0.9841362
0,0,0.0022087505
1,1,0.99134576
0,0,0.0031520473
0,0,0.012429228
1,0,0.0036254283
0,0,0.010483881
0,0,0.003636469
0,1,0.7178876
1,1,0.9831799
0,0,0.0049938564
0,0,0.0268621
0,0,0.0039580762
0,0,0.0039062388
0,0,0.0021451348
0,0,0.3703628
0,0,0.00307205
0,1,0.98410654
0,0,0.0025581648
0,0,0.0024008788
0,0,0.004599239
0,0,0.0038749531
0,0,0.020598933
0,0,0.005273544
0,0,0.005283774
0,0,0.0040028705
0,0,0.006074519
1,1,0.99529797
1,1,0.9865319
1,0,0.032135762
0,0,0.0025718058
1,0,0.15145747
0,0,0.011722759
0,0,0.0022628685
0,0,0.0045933933
0,0,0.06858299
0,0,0.007909031
1,1,0.99414945
0,0,0.0023420216
0,0,0.00508698
0,0,0.0029883443
0,0,0.002977616
0,0,0.013306308
0,1,0.8112961
0,0,0.0043217735
0,0,0.0032128019
0,0,0.0028380107
1,1,0.97374797
0,0,0.0062220776
0,0,0.0023435124
0,0,0.021725439
0,0,0.0075195227
0,0,0.01475575
1,0,0.0036316416
0,0,0.0022684042
0,0,0.010010649
0,0,0.0028130433
0,0,0.0031678516
0,0,0.004297506
1,0,0.006629336
1,0,0.093144044
0,0,0.008163793
0,0,0.016094936
0,0,0.0050652125
0,1,0.9892258
1,0,0.49602646
0,0,0.0024450088
0,0,0.0052979956
0,0,0.002155884
0,1,0.99194795
0,0,0.017738042
1,1,0.9782015
0,0,0.014083569
1,1,0.9928074
1,1,0.9928134
0,0,0.0037601157
0,0,0.0022359109
0,0,0.011171907
0,0,0.005000118
1,1,0.99355847
1,1,0.9952917
1,1,0.99253184
1,1,0.9960465
0,0,0.007211194
0,0,0.0030476828
0,0,0.0022962408
0,0,0.00969988
0,0,0.0024620595
0,0,0.002242647
1,0,0.047581296
0,0,0.0027153846
0,0,0.0022741053
1,0,0.002538166
0,0,0.002525152
1,1,0.9958181
0,0,0.0066554537
0,0,0.0022438404
0,0,0.026204903
1,1,0.99531186
0,0,0.002170359
0,0,0.009058897
1,0,0.111549966
0,0,0.0037227096
0,0,0.003401492
0,0,0.0863354
1,1,0.996222
0,0,0.0067617237
0,1,0.99110085
0,0,0.002136569
0,0,0.003006143
0,0,0.0073594768
0,1,0.98105204
0,0,0.0033729011
0,0,0.0033962617
0,0,0.024857882
0,0,0.0024942562
1,1,0.9816999
0,0,0.0028347485
0,0,0.0032435209
0,0,0.0046194545
0,0,0.0023490835
0,0,0.0031887232
0,0,0.004765746
0,0,0.0028759413
0,0,0.011433038
0,0,0.027968016
1,1,0.97384745
0,0,0.01113164
0,1,0.92575246
0,0,0.0037424595
0,0,0.0028842278
0,0,0.0056132665
0,0,0.011323273
1,1,0.9947695
1,1,0.98716635
0,0,0.002131925
0,0,0.0025478194
1,1,0.9959304
0,0,0.006397722
0,0,0.07306603
0,0,0.002347405
0,0,0.0033222872
0,0,0.0030949987
0,0,0.0033723628
0,0,0.012546215
0,0,0.0068801013
0,0,0.0029424573
1,1,0.9961622
0,0,0.0023851504
0,0,0.003273905
0,0,0.007914843
1,0,0.17676838
0,0,0.0025567694
0,0,0.0047612716
1,0,0.0024689473
0,0,0.0052845264
0,0,0.027532365
1,1,0.99570787
0,0,0.0076842513
1,1,0.9958676
0,0,0.0021983813
0,0,0.0022881855
1,1,0.89585406
0,0,0.011963455
0,0,0.0021994002
0,0,0.005643363
0,0,0.0030597756
0,0,0.011274968
0,0,0.0032862863
1,1,0.96992
0,0,0.0032154373
0,1,0.65915453
0,0,0.0029131214
0,0,0.0042582974
0,0,0.0025710687
0,0,0.48588672
1,1,0.99484444
0,0,0.0034896953
0,0,0.0036371392
0,0,0.002355173
0,0,0.0047822073
0,1,0.775268
0,1,0.7521721
0,0,0.0029588125
0,0,0.0089744
1,1,0.7940843
0,1,0.9869487
0,1,0.9944805
0,0,0.003833789
1,1,0.9829585
0,0,0.0026562598
0,0,0.0022512786
0,0,0.02819875
1,1,0.99547607
0,0,0.003268156
0,0,0.011291156
1,1,0.99616253
0,0,0.0023390907
0,0,0.00828611
0,1,0.84515464
0,0,0.00444963
0,0,0.0031546452
1,1,0.99519193
1,1,0.7135732
0,0,0.0037507566
0,0,0.0028346474
1,1,0.99648714
0,0,0.002287872
0,0,0.0043085753
1,0,0.02033837
0,0,0.0028228178
0,1,0.9674261
0,0,0.0023015344
0,0,0.0168746
0,0,0.0027716586
0,0,0.0022078191
0,0,0.005330013
0,0,0.0025730086
0,0,0.01970538
0,0,0.047052614
0,0,0.0031288976
0,0,0.058308005
0,0,0.0021835244
0,0,0.0034454425
1,1,0.99620867
0,0,0.0027483606
0,0,0.0033740334
0,0,0.0022745123
0,0,0.005589209
0,0,0.00952986
0,1,0.5030101
0,0,0.0025716014
1,1,0.9965834
0,0,0.34123114
1,1,0.8777369
0,0,0.0025828101
0,0,0.025444092
0,0,0.0021886025
0,0,0.002692508
1,1,0.6925042
1,0,0.015815586
0,0,0.0060923165
0,0,0.019857507
0,0,0.019298887
0,0,0.017843053
0,0,0.0023505322
0,0,0.002213105
0,0,0.0074431645
0,0,0.02394313
0,1,0.8065053
1,1,0.99387616
1,1,0.99595684
0,0,0.022427846
0,0,0.0027197488
0,0,0.002759036
0,0,0.0043050623
0,0,0.004177554
1,1,0.99046993
0,0,0.0036215722
0,0,0.011909006
1,0,0.11507711
0,0,0.007620586
1,0,0.0060596615
1,1,0.9878734
0,0,0.004029744
0,1,0.61527604
1,1,0.99260193
0,0,0.0022375558
1,1,0.98197573
0,0,0.0027317293
0,0,0.01150593
1,1,0.848162
0,0,0.0030637514
1,0,0.0038816289
1,0,0.0057599265
0,0,0.0025104983
0,0,0.0023367596
0,0,0.002560235
0,0,0.0023676686
0,0,0.02133972
1,1,0.9963176
0,0,0.015852025
1,1,0.99226964
0,0,0.005154662
0,0,0.0021820746
1,1,0.9947178
0,0,0.008307918
0,0,0.016966242
0,0,0.009113177
0,0,0.02753871
1,0,0.014382092
1,0,0.0031403631
0,0,0.005698094
0,1,0.9913986
0,0,0.007992791
0,0,0.45439795
0,0,0.38285983
0,0,0.004843033
0,0,0.0021628262
1,0,0.31318986
0,1,0.993461
0,0,0.0064794417
0,0,0.007752484
0,0,0.0023942331
0,0,0.002800607
0,0,0.0034998395
1,1,0.99610424
0,0,0.0024204336
0,0,0.03527058
0,1,0.559176
0,0,0.0113654155
1,1,0.9896449
0,1,0.9860546
0,0,0.0032813372
1,0,0.02829796
0,0,0.0022019036
0,0,0.0025453132
0,0,0.004412712
0,0,0.013554702
1,1,0.96796006
0,0,0.003024296
0,1,0.69195586
1,1,0.9955913
0,0,0.003042321
0,0,0.00298715
0,1,0.97260714
0,0,0.0021214422
0,1,0.9932325
0,0,0.002633309
0,0,0.0022766364
0,0,0.07703821
0,0,0.07431144
0,0,0.0024005694
0,0,0.002263905
0,0,0.0023745538
0,0,0.002753318
1,1,0.98997515
0,0,0.005319875
0,0,0.0043305396
0,0,0.0026773345
0,0,0.0067740637
1,1,0.9861223
0,1,0.98400766
1,0,0.008281167
0,0,0.016495738
0,0,0.015901817
1,1,0.9956638
0,0,0.002516835
0,0,0.0032311834
0,0,0.004850823
1,1,0.9959841
0,0,0.005378577
0,0,0.002573256
1,1,0.99632555
0,0,0.0036178227
0,0,0.0049596513
0,0,0.0024842317
0,0,0.0035534108
0,0,0.0031239202
0,0,0.012156574
0,0,0.0030303837
0,0,0.0028466533
0,0,0.0028955387
1,0,0.04434283
0,0,0.008935598
0,0,0.002692639
1,1,0.9945311
0,0,0.00215214
1,1,0.9913828
1,1,0.99366224
0,0,0.0022109898
1,1,0.99609864
1,0,0.47662526
1,1,0.9953837
0,0,0.009928926
0,0,0.002210611
0,0,0.010438169
1,1,0.9965023
1,0,0.2056167
0,0,0.025064513
0,0,0.0040649376
0,0,0.0036573124
1,0,0.005002797
0,0,0.0022887038
0,0,0.004815615
0,0,0.002614604
0,0,0.0036519403
0,0,0.0023707142
0,0,0.0022668939
0,0,0.0027682113
0,0,0.0028399967
0,0,0.007365839
1,1,0.99598265
0,0,0.003021344
0,0,0.020225506
0,0,0.0026101698
0,0,0.0036784601
0,0,0.009372306
0,0,0.002323702
0,0,0.0024981627
1,1,0.9939996
0,1,0.96336645
0,1,0.95306355
1,1,0.99622935
0,0,0.0028062484
1,1,0.99565864
1,0,0.023746042
0,0,0.002280962
1,0,0.004152154
0,1,0.9600377
0,0,0.0043993406
0,0,0.0025254919
0,0,0.021821897
0,0,0.013770158
0,0,0.009703059
0,0,0.0037761377
1,0,0.006005904
0,0,0.0022892156
1,1,0.9748948
0,0,0.007136995
0,0,0.0025814762
1,1,0.995609
0,0,0.0025743786
0,0,0.0024432496
0,0,0.003615613
0,0,0.008674096
0,0,0.0028863265
1,1,0.9955817
0,0,0.0025856
0,0,0.0033762595
0,0,0.033907536
0,0,0.0032281717
0,0,0.0021895713
0,0,0.21626799
0,0,0.0022842523
0,0,0.0059247524
1,1,0.99586076
0,0,0.10202032
1,0,0.00444819
0,0,0.04071537
0,0,0.18334728
0,0,0.0065393513
0,0,0.004053635
0,0,0.0948908
0,1,0.77993834
1,0,0.4504512
0,1,0.9548571
0,0,0.06863645
1,0,0.044809517
0,0,0.003762394
0,0,0.0027704951
1,0,0.0058503626
0,0,0.0021963427
0,0,0.024373941
0,0,0.005284719
1,1,0.99523455
0,1,0.92754966
0,0,0.0026041537
1,1,0.9896247
0,0,0.002779568
0,0,0.014308085
0,0,0.0045323353
0,0,0.0023549832
1,0,0.011369477
0,0,0.005208021
1,0,0.044014495
1,0,0.16314474
0,0,0.013981496
0,0,0.0023513844
0,0,0.002716725
0,1,0.9894962
1,0,0.021653118
0,0,0.009903823
0,0,0.008925196
0,0,0.0033659872
0,0,0.004637931
0,0,0.0033147186
1,1,0.99585885
0,0,0.014769759
1,0,0.005551569
1,1,0.9802332
1,0,0.0057961345
0,0,0.015099282
0,1,0.99539834
1,1,0.99141484
0,0,0.0024778554
0,0,0.002140248
0,0,0.004104384
1,1,0.9937743
0,0,0.002284522
0,0,0.109242655
0,0,0.0043312535
0,0,0.0025241768
0,0,0.0022454774
1,1,0.99631774
0,0,0.0021248318
0,0,0.0045745336
1,1,0.9034465
1,1,0.9961293
0,0,0.0027288327
1,0,0.20252138
1,1,0.99285626
0,0,0.013556358
0,0,0.042424805
0,0,0.01704853
0,0,0.0054252576
0,0,0.003062355
0,0,0.0026828144
0,0,0.0043649613
0,0,0.0042398595
0,0,0.002533378
0,0,0.008501354
0,0,0.006096464
0,0,0.009352059
0,0,0.00218823
0,0,0.0033690825
0,0,0.0027165895
1,0,0.0038385743
1,1,0.99532866
1,0,0.12670031
1,1,0.99596345
1,0,0.0113267265
0,1,0.85065037
0,0,0.0032234618
0,0,0.11960144
0,0,0.0058661276
0,1,0.98460495
0,0,0.0023067335
0,0,0.00280572
1,0,0.0350213
0,0,0.12278702
1,0,0.0050645685
0,0,0.002193694
0,0,0.029623711
1,1,0.9961499
0,0,0.0022474846
0,0,0.002213335
0,0,0.21807693
0,0,0.016459826
0,0,0.008148977
0,0,0.024982981
1,1,0.99160856
0,0,0.0029281166
0,0,0.0021639585
0,0,0.0027499513
0,0,0.0032425341
0,0,0.0022269674
1,1,0.99651897
0,0,0.0073093455
0,0,0.0060681915
0,0,0.009430284
0,0,0.010301
0,0,0.0023558831
0,0,0.003445398
0,0,0.002344111
0,1,0.5367604
0,0,0.003976689
0,0,0.0043638805
0,0,0.0026578254
0,0,0.008241147
1,0,0.07981899
0,0,0.0049352893
0,0,0.017762795
0,0,0.0030760816
0,0,0.0023076062
0,0,0.032630045
0,0,0.003949243
0,0,0.0031950104
0,0,0.0141018145
1,1,0.76645875
0,0,0.2795379
0,0,0.0023438435
1,0,0.009780333
0,0,0.010278921
0,0,0.0027888452
1,1,0.9135661
0,0,0.0027563688
0,0,0.016264431
1,1,0.9838229
1,0,0.0059441393
0,0,0.004836235
0,0,0.0026545005
1,1,0.99455404
0,0,0.046443053
0,0,0.0043271384
0,1,0.99136895
1,1,0.99350464
0,0,0.0025937057
0,0,0.004812097
0,0,0.015516681
0,0,0.0036536683
0,0,0.004009016
0,0,0.024433354
0,0,0.008523303
0,0,0.0024114766
0,0,0.0027424386
1,1,0.99539316
1,0,0.004010457
1,1,0.99616134
1,0,0.03760572
0,0,0.003874655
1,0,0.012367075
0,1,0.75323975
0,0,0.007981558
1,1,0.99558556
0,0,0.0021547282
0,1,0.8946191
1,0,0.005053864
0,0,0.013436787
0,0,0.0027082248
0,0,0.0026880302
0,0,0.0024921075
0,0,0.0030832917
0,0,0.0072181514
0,0,0.0037593367
0,0,0.002800415
0,0,0.0047793803
0,0,0.0039608707
0,0,0.026324637
0,0,0.0025241312
0,0,0.18078916
0,0,0.0042542657
0,0,0.0023497068
0,0,0.0023483771
0,0,0.004627828
0,0,0.0027256887
0,0,0.002150326
1,0,0.0135181025
0,1,0.987491
0,0,0.0058971234
0,0,0.002364324
1,0,0.0027275924
0,0,0.19187391
0,0,0.0027565002
0,1,0.7351787
0,0,0.0024769034
1,0,0.19810602
0,0,0.0023057635
0,1,0.99269944
0,0,0.009504032
0,0,0.0021527011
1,1,0.9920021
0,0,0.15479891
0,1,0.9730945
0,0,0.0023290138
0,1,0.99518174
0,0,0.0040400955
0,0,0.0024154878
0,0,0.0053293756
1,0,0.010759385
0,0,0.004073911
0,0,0.004866219
1,1,0.9962825
0,0,0.004742453
1,0,0.00642888
1,1,0.79988945
0,0,0.00642626
0,0,0.024662519
1,1,0.99461466
0,0,0.0039001894
0,1,0.98484623
0,1,0.986779
1,1,0.9953766
0,0,0.2790173
0,0,0.003295887
0,1,0.9827245
0,0,0.009808799
1,1,0.9962543
0,0,0.023944378
0,0,0.0022653835
0,0,0.002321163
0,0,0.012814541
0,1,0.7717913
0,0,0.003190261
1,1,0.90940833
0,0,0.005550193
0,0,0.0021572004
0,0,0.003119648
1,1,0.9957457
0,1,0.97276354
0,0,0.0023798463
0,0,0.004289566
0,0,0.027918002
0,0,0.0023038534
0,0,0.0024607235
0,0,0.0039456617
1,1,0.9536338
0,0,0.0035998777
1,0,0.22651084
1,0,0.48525217
0,0,0.0037006752
0,0,0.0021607196
0,0,0.01790681
1,0,0.019610023
0,0,0.004027467
1,1,0.9962204
1,0,0.00326173
0,0,0.07379011
1,0,0.014645603
1,0,0.008117093
0,0,0.15230085
0,0,0.0022791927
0,0,0.009456377
0,0,0.002651218
0,1,0.95684165
0,1,0.99081516
0,0,0.0051333704
0,0,0.0025680768
1,0,0.008943837
0,1,0.95327693
0,0,0.002383576
0,0,0.002225961
0,0,0.024110077
0,0,0.0049473327
0,0,0.01886102
0,1,0.9892881
0,0,0.049778745
0,0,0.003457489
0,0,0.0027843772
0,0,0.0029079223
0,0,0.003031868
0,1,0.99483633
0,0,0.0056053456
0,0,0.013009073
0,0,0.002337995
0,0,0.002176498
0,0,0.058384832
0,0,0.0024744633
0,0,0.0023118341
0,0,0.002297644
1,1,0.99569243
1,0,0.013560388
0,0,0.002490076
1,1,0.9933907
0,0,0.021153646
0,0,0.0041918545
0,0,0.0035166866
0,0,0.006540454
0,0,0.005541817
0,0,0.004964407
1,1,0.9895648
0,0,0.0124020055
0,0,0.024847206
0,0,0.003727068
0,0,0.012242676
0,0,0.023617012
0,0,0.0037446322
0,0,0.0023956045
1,1,0.99569917
0,0,0.0024570182
0,0,0.0026476223
0,1,0.54415226
1,1,0.9946931
0,0,0.0028005484
0,0,0.003743035
1,1,0.9961772
0,0,0.0032635492
0,0,0.008129333
1,1,0.9953434
1,1,0.8496647
0,0,0.006631183
0,1,0.9959812
1,0,0.08720557
0,0,0.012171283
0,0,0.012415819
0,0,0.0027497916
0,0,0.040412012
0,0,0.0034468737
0,0,0.010098011
0,0,0.0023754032
0,0,0.0026163345
0,1,0.8245224
1,1,0.9962231
0,0,0.0054605873
0,0,0.0038742775
0,0,0.003326586
0,0,0.0033435964
0,0,0.0030992853
1,1,0.9928364
0,0,0.002314743
0,0,0.0044499133
0,0,0.0202099
0,0,0.002597684
0,0,0.0024823793
1,0,0.007858672
1,0,0.0059570326
0,0,0.04956844
1,1,0.9947765
0,0,0.002494322
0,0,0.002590855
0,0,0.48484862
1,0,0.019241411
0,0,0.0023860321
0,0,0.0021831319
0,0,0.0035745916
0,0,0.0044242153
0,0,0.005329042
1,1,0.9964228
0,0,0.0061693983
0,0,0.0023865257
1,0,0.03827186
0,0,0.002262554
1,1,0.99375993
0,1,0.97067463
0,0,0.006198345
0,0,0.07729464
0,0,0.015457542
0,0,0.022024015
0,0,0.0023900373
0,0,0.0026225704
0,0,0.0035680332
0,1,0.9940434
0,0,0.06857564
0,1,0.94981366
0,0,0.0074856374
0,0,0.01189075
0,0,0.0026983505
0,0,0.0055558356
0,0,0.0058399527
0,0,0.002272682
1,1,0.9955462
0,0,0.05597561
1,1,0.9947072
0,0,0.003590797
1,1,0.9954709
0,0,0.0026898216
0,0,0.0031862902
0,1,0.88678956
0,0,0.010047985
0,0,0.002447329
0,1,0.9935836
0,0,0.0024750284
0,0,0.0044590947
0,0,0.0022607294
0,0,0.007920904
0,0,0.004659022
0,0,0.010314495
0,0,0.005333143
0,0,0.0046142307
0,1,0.94467807
0,0,0.002474986
0,0,0.0048254724
0,0,0.004871475
1,1,0.9957222
0,0,0.013711192
0,0,0.005518768
0,0,0.002187521
0,0,0.0023098837
0,0,0.48521972
0,0,0.0024308956
0,0,0.0036577014
1,1,0.9922654
0,1,0.995815
0,0,0.0032416468
0,0,0.01639235
1,1,0.99616724
0,0,0.0042985636
0,0,0.0034091498
0,0,0.0026611923
0,0,0.0024530457
0,0,0.0061436915
0,0,0.0113976775
0,1,0.94303536
0,0,0.0031837034
0,0,0.003275119
0,0,0.012332164
0,0,0.013715112
0,0,0.012698809
1,0,0.07356657
0,0,0.0023264517
0,0,0.002975171
0,0,0.0025936782
1,1,0.9942263
0,0,0.0029915643
1,1,0.9960788
0,0,0.0092997
1,1,0.92578834
1,0,0.014477513
0,0,0.005650154
0,0,0.008127114
1,0,0.034847483
1,1,0.9937744
0,0,0.0022260426
1,0,0.0398867
0,0,0.004587281
0,0,0.006061172
0,0,0.0036262134
0,0,0.0024536848
0,0,0.0060322615
0,0,0.009695685
0,0,0.067824125
1,1,0.97102225
0,0,0.0034096912
0,0,0.002823649
0,0,0.0088003045
0,1,0.7319827
0,0,0.0034686099
0,0,0.0026872621
1,1,0.99632627
0,0,0.0029153146
0,0,0.0031133841
0,0,0.002556952
0,0,0.003304746
0,1,0.87246984
0,1,0.99430037
0,0,0.003159794
0,0,0.0033192679
1,1,0.98291194
1,0,0.017618844
0,0,0.0030975388
0,0,0.006523498
1,1,0.9863344
0,0,0.0031347284
0,0,0.011908658
1,1,0.99631196
0,0,0.0027251057
1,0,0.0215962
0,0,0.0073203803
0,0,0.022553
0,0,0.005968705
0,0,0.002287703
1,1,0.9424242
0,0,0.0032459958
0,0,0.0023494477
0,0,0.004026293
0,0,0.0022075106
0,0,0.0023376755
1,1,0.99619603
0,0,0.0024665832
0,0,0.0029078005
1,1,0.99597245
0,0,0.0035858627
0,0,0.009190962
0,0,0.0034778106
0,0,0.018096188
0,0,0.013231111
0,0,0.005557491
0,0,0.0023342874
1,1,0.99543923
0,0,0.0032985352
1,0,0.013065737
0,0,0.0040182243
0,0,0.0024305566
0,0,0.013172681
1,1,0.99583566
1,1,0.99610656
0,0,0.003914331
0,0,0.0057450393
0,0,0.012521715
0,0,0.040401008
0,0,0.0022082163
0,0,0.0046814643
0,0,0.003702321
0,0,0.0023372453
0,0,0.002171467
0,1,0.98592883
0,0,0.0022828595
0,0,0.0031281058
0,0,0.0044316947
0,0,0.023192354
1,1,0.99600023
0,0,0.0077331997
1,0,0.23628448
0,0,0.0026798132
0,0,0.0050484575
0,0,0.0022247338
0,0,0.0024930632
1,1,0.9963027
0,0,0.005435992
0,0,0.002223795
0,0,0.0027397964
0,0,0.0029551617
0,0,0.002867246
0,0,0.0037204002
0,0,0.002165001
0,0,0.0114053525
0,0,0.098830074
0,0,0.0024559132
0,0,0.0022754127
1,1,0.9821844
1,1,0.86283636
1,0,0.0034923623
1,1,0.9956428
1,1,0.9611958
0,0,0.0038648555
0,0,0.0035456624
0,0,0.0037290943
0,1,0.7407042
0,0,0.003925608
1,0,0.13361047
0,0,0.003072234
0,0,0.007274438
0,0,0.0029711088
0,0,0.0033116133
0,0,0.02023884
1,1,0.544678
0,0,0.0023874457
0,0,0.0038629507
0,0,0.002535501
0,0,0.0028663734
0,0,0.035937022
0,0,0.00603599
0,0,0.009061698
0,0,0.0025861103
0,0,0.0024019603
0,0,0.0064855097
0,0,0.0027831562
0,0,0.0022807524
0,0,0.015942775
0,0,0.030415129
0,0,0.0025812848
0,1,0.9893267
0,0,0.108609036
0,0,0.0027076746
1,0,0.0024624483
0,0,0.010379793
0,0,0.042253252
0,0,0.0035219605
1,1,0.9948691
0,0,0.0025468245
1,0,0.005116357
1,0,0.0029990203
0,1,0.99541795
0,0,0.005251862
0,0,0.008625927
0,0,0.0031458016
0,0,0.011302025
0,0,0.0055633206
0,1,0.994849
0,0,0.0036127248
1,0,0.05289496
0,0,0.0039575007
0,0,0.0024481602
0,0,0.002264696
0,0,0.0027185485
1,0,0.346734
1,0,0.0046672244
0,0,0.0024398258
0,0,0.008199299
1,1,0.99568427
1,0,0.0053290124
0,0,0.0022137489
1,0,0.060016993
0,0,0.010686264
0,0,0.0026130315
0,0,0.02302703
0,1,0.9845051
1,0,0.2989766
0,0,0.008366398
0,1,0.9642802
0,0,0.008727474
1,1,0.9954465
1,1,0.9960995
0,0,0.004681292
0,0,0.009520588
0,0,0.002172052
1,1,0.9639943
1,0,0.0024448202
0,0,0.007018275
0,0,0.0033818763
0,0,0.0031412542
0,0,0.0025472522
0,0,0.0022765303
1,1,0.9961022
1,1,0.99557894
0,0,0.0025074973
0,0,0.020169675
0,1,0.9929919
0,0,0.0840505
0,0,0.0023157208
0,0,0.0026488183
0,1,0.99545234
0,0,0.002091161
1,1,0.7325276
0,0,0.0047045555
0,0,0.005688703
0,0,0.004866311
1,1,0.9958676
0,0,0.0024537083
0,0,0.004278414
0,0,0.030815756
0,0,0.002587157
0,0,0.005485296
0,0,0.0027346315
0,0,0.006975211
1,1,0.9872203
0,0,0.0091683455
1,0,0.00921987
0,0,0.0067923763
0,0,0.04579107
0,0,0.006711535
1,1,0.58605
0,0,0.0025811864
1,1,0.99601907
0,0,0.022309693
0,0,0.002719516
1,0,0.18107106
0,0,0.0045418665
1,0,0.027266255
0,1,0.8452082
0,0,0.002609263
0,0,0.0027540852
0,0,0.003497278
1,1,0.98884994
1,0,0.03085726
1,1,0.9929771
1,1,0.99193454
0,0,0.44420516
0,0,0.33155674
0,1,0.9748517
0,0,0.13575101
0,0,0.0027975964
0,0,0.00928739
0,0,0.0039831987
1,0,0.0064733177
1,1,0.95703316
0,0,0.037769243
0,0,0.005646546
0,0,0.0043063154
0,0,0.030829314
1,1,0.9957318
0,1,0.8496119
0,0,0.009047099
0,0,0.01557953
0,0,0.0044822553
0,0,0.0035465285
0,0,0.002386175
0,0,0.038822766
0,0,0.0022117167
0,0,0.01662514
1,1,0.99566984
0,0,0.0027163415
1,1,0.9963965
1,1,0.9814668
0,0,0.0035919775
0,0,0.0022652296
1,1,0.9760635
0,1,0.9930155
0,0,0.0035221674
1,1,0.99160415
0,0,0.009309715
0,0,0.006186789
0,0,0.0021830364
0,0,0.002572912
0,1,0.50415576
0,1,0.989021
0,0,0.0052829245
0,0,0.0034731901
1,1,0.9954033
1,1,0.9960854
0,0,0.056424525
0,0,0.010176702
0,1,0.54304045
0,0,0.0032736496
0,0,0.074680634
1,1,0.705229
1,1,0.6265969
1,0,0.014674722
1,0,0.01445584
0,0,0.15311065
0,0,0.011871079
0,0,0.0049762414
0,0,0.00610188
1,0,0.19790366
0,0,0.0036578474
0,0,0.011762778
0,0,0.003249094
1,1,0.9947832
0,0,0.0024636774
0,0,0.0028303296
0,0,0.26294354
0,0,0.0036562348
1,0,0.31913576
0,0,0.0026990662
1,0,0.03253469
1,1,0.99039525
0,0,0.024102129
0,0,0.013535458
0,0,0.003355162
0,0,0.0021961003
0,0,0.0023708944
1,1,0.77712893
1,1,0.858973
0,0,0.0022473242
1,0,0.00794101
0,0,0.03734988
0,0,0.003830596
1,1,0.9959198
0,0,0.0039179823
1,0,0.24061868
0,0,0.003102195
0,0,0.0038504042
1,1,0.9943165
1,1,0.99224335
0,0,0.008035992
0,0,0.0074310983
0,0,0.004339834
0,0,0.008265652
0,0,0.002589304
0,1,0.9931298
0,0,0.002281445
1,0,0.009115985
0,0,0.002151551
1,1,0.99597114
0,1,0.63778627
1,1,0.9890003
0,0,0.004685147
1,1,0.9962447
0,0,0.00256202
0,0,0.00573145
1,1,0.5650984
1,1,0.9963142
0,0,0.0032408964
0,0,0.006368816
0,0,0.05103589
1,1,0.9931833
0,0,0.016638422
0,0,0.0133361295
0,0,0.0053072413
0,0,0.0037004114
0,0,0.0035841698
0,0,0.005622227
0,1,0.56684095
0,0,0.0022803848
1,0,0.010863077
0,0,0.0048848614
0,0,0.006056583
0,0,0.005886078
0,0,0.0033889052
0,0,0.0038382136
1,0,0.010703994
0,0,0.00249622
0,0,0.010525644
0,0,0.003200764
0,0,0.0027780675
0,0,0.0049301847
0,0,0.007913252
1,1,0.9878059
1,1,0.9962739
0,0,0.013386317
0,0,0.0031535926
0,0,0.0029798618
0,0,0.0027070774
0,1,0.9877351
0,0,0.008006236
0,0,0.0023426665
0,1,0.8889599
0,1,0.9907533
0,0,0.0052445307
1,1,0.96408606
0,0,0.0036212588
0,0,0.0023138158
0,0,0.0022952645
0,0,0.0027034662
0,0,0.015228557
0,0,0.005382816
0,0,0.0040754722
0,0,0.009605038
1,1,0.98385066
1,0,0.00870547
0,0,0.0052116485
0,0,0.0023544133
1,1,0.991552
0,0,0.0023410202
1,1,0.99603325
0,0,0.0032924584
0,0,0.0073786043
1,1,0.9961563
0,0,0.22462772
0,0,0.1264572
0,0,0.003596154
0,0,0.0046047918
0,0,0.0032988582
0,0,0.003353906
0,0,0.0028195868
0,0,0.14278144
0,0,0.0027757923
0,0,0.015626049
1,1,0.99017286
1,1,0.9930587
0,0,0.38998353
0,0,0.0025249096
0,0,0.0037917353
0,0,0.004264817
1,0,0.0026242712
0,0,0.002432029
1,1,0.99103457
0,0,0.0031378937
0,1,0.9855597
0,0,0.023010556
0,0,0.00788823
1,0,0.4926269
0,0,0.002193739
0,0,0.03260014
0,0,0.030893737
0,0,0.0051060882
1,1,0.9956321
0,0,0.0022172662
0,0,0.002682289
0,0,0.03227958
0,0,0.002309358
0,0,0.010888099
0,0,0.012206167
0,0,0.0022590798
1,1,0.9923437
0,0,0.0024821656
1,0,0.21970811
0,0,0.004813125
1,1,0.99493104
0,0,0.0025620149
0,0,0.0030421652
0,1,0.9904711
0,0,0.002362003
0,0,0.008560431
0,0,0.026043244
0,0,0.0046863756
0,0,0.008359407
0,0,0.050260972
0,0,0.005065571
0,0,0.0022722774
0,0,0.0021095192
0,0,0.0050091576
0,0,0.19592477
0,0,0.003582198
0,0,0.004628674
0,0,0.00418752
1,0,0.00960417
1,1,0.99047816
0,0,0.031714503
0,0,0.016549956
0,0,0.005353824
0,0,0.0077788434
1,0,0.02174384
0,0,0.40127477
0,0,0.005726466
1,0,0.010048877
0,0,0.0083944015
1,0,0.0066482695
0,0,0.020052927
1,1,0.9692657
0,0,0.02366109
0,1,0.5794399
0,0,0.0027878082
1,1,0.9121435
0,0,0.0021588532
1,0,0.03466225
1,1,0.9926081
0,0,0.019132983
0,0,0.0022285457
0,0,0.0034482183
1,1,0.9964844
0,0,0.0024889687
0,0,0.0028676032
1,1,0.99576485
0,0,0.0029351064
0,0,0.023076108
0,0,0.0044233627
1,0,0.0022032443
0,0,0.0037811913
0,0,0.0029993511
0,0,0.011416299
0,0,0.0059854626
0,0,0.0026042676
0,0,0.016101966
0,0,0.003483121
0,0,0.005083427
0,0,0.007566378
0,0,0.0027419548
0,0,0.0030726125
0,0,0.0031735664
0,0,0.033171933
0,0,0.0025986207
0,0,0.043628
0,0,0.0030217913
0,0,0.0028931608
0,0,0.05494683
0,0,0.026810374
0,1,0.99462163
0,0,0.0030511534
0,0,0.0034041265
0,1,0.99054116
0,0,0.0069021382
0,0,0.0028450638
0,0,0.011433543
0,0,0.0060074897
1,1,0.9965088
0,0,0.0023195934
1,1,0.99368334
0,1,0.83878154
0,0,0.077015154
1,1,0.99588555
0,0,0.08799602
0,0,0.003090203
1,0,0.006365389
1,0,0.010809507
0,0,0.007769014
0,0,0.033470113
0,1,0.9943025
0,1,0.7061658
0,0,0.0053081047
1,0,0.0061325
0,0,0.0038645861
0,0,0.005303641
1,1,0.9958396
1,1,0.99556386
1,1,0.790995
0,0,0.0024409983
1,1,0.9958221
0,0,0.0058366475
0,0,0.002990603
0,0,0.0022524823
0,0,0.058511056
0,0,0.0055165756
0,0,0.031246563
0,0,0.0028742698
0,0,0.0058374973
0,0,0.0026317968
0,0,0.0040974477
0,0,0.045181427
0,0,0.0025951997
0,0,0.0029095775
0,0,0.0025186767
0,0,0.002298906
0,0,0.006524004
0,0,0.006142451
0,0,0.002278847
0,0,0.44970852
0,0,0.0022434744
0,0,0.00536239
0,0,0.002646552
0,0,0.011841951
0,0,0.0026431787
0,1,0.97748363
1,1,0.9956195
1,1,0.99324083
0,0,0.00709414
0,0,0.0029460199
1,0,0.16601445
0,0,0.00670961
0,0,0.0030325798
0,0,0.0030134346
0,0,0.0035047787
0,0,0.00319749
0,0,0.0022514348
0,0,0.0022843848
0,0,0.002635662
0,0,0.002323374
0,0,0.0096620135
0,1,0.9931797
0,0,0.002188765
0,0,0.0028491411
0,0,0.002549462
0,0,0.007383914
0,0,0.002235461
1,1,0.9906342
0,0,0.0024496827
0,0,0.004508906
0,0,0.0040593394
1,1,0.996289
0,0,0.0033261469
0,0,0.0060453583
1,0,0.11998341
0,0,0.0084146885
1,0,0.008332965
0,0,0.0031616935
0,0,0.0031465983
0,0,0.012363656
1,1,0.99546
1,1,0.9490163
0,0,0.0060832514
1,0,0.004962952
0,0,0.0048428583
0,0,0.002097649
0,0,0.004127777
1,1,0.99630773
0,0,0.008238162
0,0,0.0031200214
0,1,0.854943
0,0,0.0052899984
0,0,0.012143624
1,1,0.9962578
0,0,0.052123267
1,1,0.9962365
0,1,0.6971008
0,0,0.017639786
1,1,0.99559695
0,0,0.0021925212
1,1,0.9782833
0,0,0.0031028327
0,1,0.98316425
0,0,0.0022924729
0,0,0.0027762186
1,1,0.99624735
0,0,0.11652314
1,1,0.99531895
1,1,0.53244245
0,0,0.0036793184
0,0,0.0027925114
0,0,0.002258233
0,0,0.005625219
0,0,0.002244607
0,0,0.0030143003
0,0,0.002832515
0,0,0.002722725
0,0,0.0041563013
0,0,0.0023666688
1,0,0.004023546
0,0,0.024889637
0,0,0.0026529573
0,0,0.13876776
0,1,0.8903951
1,1,0.88559407
0,0,0.002851735
0,0,0.15367512
1,0,0.0103301415
0,0,0.002803145
0,0,0.0024888157
0,0,0.29022068
0,0,0.0029049623
0,0,0.0067457813
1,1,0.99601114
0,1,0.93713707
1,0,0.03707866
0,0,0.0029605618
0,0,0.0023386043
1,0,0.028624747
0,0,0.0027281865
0,0,0.08470571
0,0,0.007156257
0,0,0.002242888
0,0,0.003790359
0,0,0.2146034
0,0,0.014346859
1,0,0.05330355
0,0,0.0026433833
1,0,0.0039997594
0,0,0.012030186
0,0,0.009665555
0,0,0.0025206772
0,0,0.013764104
0,0,0.011049144
1,1,0.99628603
0,0,0.0026689717
0,0,0.0028466932
0,0,0.0030004063
0,0,0.010619595
1,0,0.0027261712
1,1,0.9727903
0,0,0.02757468
0,0,0.0022750057
0,0,0.0026367367
0,1,0.9961844
0,0,0.0025005215
0,0,0.0022751505
0,0,0.0025501747
0,0,0.0032090046
1,0,0.009081823
0,0,0.0062025115
0,0,0.0025554758
0,0,0.0022729633
0,0,0.07311657
0,0,0.0038876554
1,1,0.99491537
0,0,0.0035649522
0,0,0.002390581
1,0,0.0035359417
0,0,0.0066871224
1,1,0.98951346
0,0,0.006171009
0,1,0.9646875
0,0,0.0028384847
0,0,0.0024494845
0,0,0.0024906658
0,0,0.0129805235
0,0,0.0032824029
0,0,0.010114735
0,1,0.9123942
0,0,0.0066700876
0,0,0.002298909
0,0,0.002642017
0,0,0.002620698
1,0,0.0083211325
0,0,0.044731364
0,0,0.003771174
0,0,0.008269882
1,0,0.016683718
0,0,0.0025444757
1,0,0.296898
0,0,0.005636227
0,0,0.004923347
0,0,0.003927141
0,0,0.0023522952
1,1,0.99320775
0,0,0.0027204885
0,0,0.0072752275
0,0,0.23875602
0,0,0.0022786474
0,0,0.0025095697
0,0,0.056873146
0,0,0.0025131844
0,0,0.046162814
0,1,0.68920225
0,0,0.02390122
0,0,0.0032243629
0,0,0.007404896
1,0,0.010637821
0,0,0.004069977
0,0,0.0046297074
0,0,0.004432123
0,0,0.0077080224
0,0,0.45138597
0,0,0.06769364
0,0,0.0026702436
0,0,0.0051861983
0,0,0.0026836335
1,1,0.9953896
0,0,0.005670004
0,0,0.0060450057
0,0,0.0049859164
0,0,0.021294992
1,0,0.0048323027
0,0,0.004337688
0,1,0.9274862
0,1,0.8062973
0,1,0.995214
1,1,0.99524117
0,0,0.0023394746
0,0,0.0027258212
0,0,0.0072837044
1,0,0.0041656788
0,1,0.99328834
0,0,0.0036076717
0,0,0.0092507955
0,0,0.01160639
0,0,0.097172715
1,0,0.0038281276
0,0,0.008674501
1,1,0.9929483
0,0,0.3618271
0,0,0.0022931502
1,1,0.9958851
0,0,0.002834386
0,0,0.011469624
0,0,0.00905354
0,0,0.005957843
1,1,0.99572045
0,0,0.0076602693
0,0,0.0035948663
0,0,0.0066176997
0,0,0.066477194
1,1,0.9965049
0,0,0.0022101083
0,0,0.0028748573
1,1,0.9944701
0,0,0.012856713
0,0,0.0063964645
1,1,0.99251986
0,1,0.91893536
0,0,0.003246746
0,0,0.003362837
0,0,0.0063196747
0,0,0.0032425127
0,0,0.011819941
1,1,0.99021965
0,0,0.011952682
0,1,0.9952311
0,0,0.0036223927
0,0,0.0066342996
0,0,0.0024430219
0,0,0.0027005302
0,0,0.005434897
0,0,0.0026899995
1,1,0.9917721
1,1,0.99460346
1,1,0.9961719
0,0,0.004476943
0,0,0.013619061
0,0,0.0021537151
0,0,0.002280415
0,0,0.0038925076
0,0,0.0026650373
0,0,0.004363627
0,0,0.0077095986
0,0,0.011348582
0,0,0.0038426276
1,1,0.996163
1,0,0.032713912
0,0,0.0054868674
1,1,0.994795
0,0,0.010029977
0,0,0.0028697278
0,0,0.005241528
0,0,0.0077709863
0,0,0.002184626
1,1,0.99601585
1,1,0.946023
1,0,0.0029598975
0,0,0.0022861909
0,0,0.3527343
0,0,0.003502984
0,0,0.0028779784
0,0,0.009087197
1,0,0.0033595164
0,0,0.009174992
1,1,0.9955526
1,0,0.009573907
1,0,0.02783519
0,0,0.0072413282
0,0,0.023776641
1,1,0.99588794
1,0,0.0037751105
1,1,0.9963229
0,0,0.0065909266
0,0,0.2527734
0,0,0.002368296
0,0,0.0075301626
1,0,0.0025354489
0,0,0.0032116035
0,0,0.0030921502
0,0,0.22129446
0,0,0.002391019
0,0,0.098283954
0,0,0.0049111163
0,0,0.030308928
0,0,0.005160255
1,0,0.051326513
1,1,0.92622465
0,0,0.017939359
0,0,0.0023490165
0,0,0.007883264
0,0,0.0037123817
0,0,0.0021331853
0,0,0.0038636609
0,0,0.005670741
0,0,0.011920643
0,0,0.0029482432
1,1,0.9864064
1,1,0.994994
1,0,0.014859425
0,0,0.0039323373
0,0,0.0049961577
0,0,0.0023590345
0,0,0.007965125
1,1,0.9126898
0,0,0.0022187794
0,0,0.010971388
0,0,0.011620981
0,0,0.0067327814
0,0,0.0021804504
0,0,0.0024927172
0,0,0.0067760632
0,0,0.004730019
0,1,0.99586415
1,0,0.018239312
0,0,0.06301644
0,0,0.004105984
1,1,0.9288436
0,0,0.0055745356
1,1,0.99557376
1,1,0.9938001
0,0,0.0025059723
0,0,0.032406475
0,0,0.027747536
1,0,0.021703769
1,0,0.013354413
0,0,0.0060419044
0,0,0.0029626905
0,0,0.021281919
0,1,0.96034646
0,0,0.0022003644
0,0,0.007209931
0,0,0.003699677
1,1,0.8030362
1,1,0.9416055
0,0,0.05151591
1,0,0.03472497
0,0,0.0027066716
0,0,0.011398779
1,0,0.45688236
1,0,0.047981013
1,0,0.18660603
0,1,0.88025296
1,1,0.8194557
0,0,0.0044609113
0,0,0.0034431608
0,0,0.014756575
0,0,0.34559897
0,0,0.0101884715
0,0,0.03549455
0,0,0.035860505
0,0,0.002174368
0,0,0.0029916465
1,0,0.010322121
0,0,0.0066610295
0,0,0.002691161
0,0,0.006097259
1,0,0.026280278
0,0,0.0023820028
0,0,0.0028292101
1,0,0.003911634
0,0,0.002674704
0,0,0.0030211348
0,0,0.020580072
0,0,0.13279592
0,0,0.0031369687
0,0,0.0023614813
1,1,0.9940977
1,0,0.0025375856
0,1,0.99465054
0,0,0.013059681
0,0,0.0022841415
0,0,0.0023457557
0,0,0.002331007
0,0,0.0051674116
0,0,0.050540857
0,0,0.0022453046
0,0,0.004415805
0,0,0.0023379326
0,0,0.20843686
0,0,0.0027666455
0,0,0.003098343
0,0,0.34391928
1,0,0.1430147
0,0,0.018068219
0,0,0.01566578
1,0,0.23141746
0,0,0.0028156207
0,0,0.0037642822
0,0,0.0021795863
0,0,0.0059197503
0,0,0.0060475306
0,0,0.0046616923
0,1,0.9815232
0,0,0.037438165
0,0,0.0027792752
1,0,0.0055783982
0,0,0.0037900675
0,1,0.9795099
0,0,0.4287508
0,0,0.0037331227
1,0,0.010138285
0,1,0.99167776
0,1,0.9920774
1,0,0.0065895095
0,0,0.0037589516
0,0,0.0021847903
1,1,0.99611366
1,1,0.9945615
0,0,0.0063208486
1,1,0.99452055
0,0,0.042221434
0,0,0.0051132077
1,1,0.9951395
1,1,0.99285734
0,0,0.0030998986
0,0,0.0021967147
0,0,0.012085102
0,0,0.011588161
0,0,0.035481762
0,0,0.002259388
0,0,0.11084849
0,0,0.011284344
0,0,0.0067754188
0,0,0.0026267322
0,0,0.0029627597
0,0,0.0033514253
0,0,0.17801353
0,0,0.0027813998
0,0,0.002354047
0,0,0.0059727323
0,0,0.014428501
0,0,0.013677238
0,0,0.3347147
0,0,0.0023036562
1,0,0.0044819443
0,0,0.0052300123
0,0,0.005204996
0,0,0.005666014
0,0,0.0070635234
1,0,0.37898242
0,0,0.16610529
1,0,0.07250014
0,0,0.0024150917
0,0,0.012218567
0,0,0.0042248904
0,0,0.0028040528
0,0,0.008326245
1,0,0.0035883682
0,1,0.83083886
1,0,0.0065568034
1,0,0.41704676
1,0,0.0056653745
1,1,0.8992239
0,0,0.0030531907
0,0,0.016270744
0,0,0.0026213538
0,1,0.9456863
0,0,0.002888394
1,1,0.8095851
0,0,0.15140972
0,0,0.004136491
0,0,0.0050232564
0,0,0.0041402234
0,0,0.004216265
0,0,0.019968273
0,0,0.0026893087
0,0,0.002404233
0,0,0.008632961
0,0,0.0022007285
0,0,0.0028664197
1,1,0.9949327
0,0,0.0022863268
0,0,0.004834431
1,0,0.0101006795
0,0,0.0025521906
1,1,0.87925464
1,1,0.99568427
1,0,0.47237906
0,0,0.012778953
0,0,0.010465264
1,1,0.9965487
0,0,0.003494097
0,0,0.0026337523
0,1,0.9845143
0,0,0.016307313
0,0,0.0045370096
0,0,0.003411383
0,0,0.00220109
1,1,0.99264365
0,0,0.05814645
0,0,0.002552485
0,0,0.030862205
1,1,0.9940844
0,0,0.09082476
0,0,0.010497527
0,0,0.007981221
1,0,0.03308355
0,0,0.0023129531
1,0,0.006817908
0,0,0.0022525738
0,0,0.0023760237
0,1,0.6339396
0,0,0.0030932394
0,0,0.004009966
1,0,0.004748507
1,0,0.0027620792
0,0,0.0027427215
1,1,0.9630432
0,0,0.0043487013
0,0,0.013704513
1,0,0.006123556
1,1,0.9950971
0,0,0.0062943236
0,0,0.004167188
0,0,0.0053909784
0,0,0.0046302634
1,1,0.9953178
0,0,0.0057085054
0,0,0.005080938
0,0,0.004245587
1,0,0.0057878657
0,1,0.9778938
0,0,0.0030400313
0,0,0.0042117005
0,0,0.0031774323
0,0,0.002504901
0,0,0.0051487107
0,0,0.0027005367
0,0,0.002420563
1,0,0.03057778
0,1,0.51882976
0,0,0.00817975
0,0,0.0023722348
0,0,0.008217489
1,1,0.99612623
1,1,0.992735
0,0,0.0022690324
0,0,0.0024987452
0,0,0.003936886
1,1,0.9934503
0,0,0.06335125
0,0,0.0024367513
0,0,0.0034468737
0,1,0.98129886
0,0,0.00780596
1,0,0.06342097
0,0,0.0022460544
0,0,0.002831972
0,0,0.003127156
0,0,0.0028581955
0,0,0.0072782235
1,0,0.006068438
0,0,0.013736272
1,1,0.9674248
0,1,0.9344098
0,0,0.23377512
1,0,0.005609759
0,0,0.002760191
0,1,0.7840284
0,0,0.0030165075
0,0,0.025411954
0,0,0.025147902
0,0,0.011957728
0,0,0.010881784
0,0,0.0072905547
0,0,0.018007046
0,0,0.0051971725
0,0,0.003008828
0,0,0.0029705977
0,0,0.0034707151
0,0,0.0023869425
0,0,0.17495175
0,0,0.0032486273
1,0,0.056051496
0,0,0.01887039
1,1,0.9933062
1,1,0.99650085
0,0,0.0027423876
0,0,0.0028044637
0,0,0.003935252
0,0,0.042043995
0,0,0.003841934
0,0,0.0056768744
0,0,0.005233916
0,0,0.03927523
0,0,0.08303107
0,0,0.002955923
0,0,0.008753767
0,0,0.0063811727
1,1,0.9964612
0,1,0.809709
0,0,0.01367779
0,0,0.09398042
1,1,0.9933789
0,0,0.009108394
1,1,0.9954307
0,0,0.005098449
1,0,0.015603842
0,0,0.007941622
0,0,0.0022933458
0,1,0.9938532
1,1,0.99400556
1,0,0.023689097
0,0,0.018508507
0,0,0.0044594565
1,1,0.9572094
0,0,0.0038406642
1,0,0.38629797
0,0,0.005840382
0,0,0.002679697
0,1,0.98371017
0,0,0.007083414
1,1,0.9963167
0,0,0.0049751555
1,0,0.006499307
0,0,0.0028447837
0,0,0.32313788
1,1,0.99618393
0,0,0.0024405248
0,0,0.044623464
0,0,0.0034743326
0,0,0.0049494957
0,0,0.02106206
0,0,0.0028220061
1,1,0.9959751
0,0,0.0029023667
0,0,0.0024732244
0,0,0.0022935146
1,0,0.0023744095
0,0,0.0050563244
0,0,0.006016449
0,0,0.04117681
0,0,0.04384166
0,0,0.0024616695
1,1,0.99623483
1,1,0.89478314
0,0,0.0023744963
0,0,0.02613414
1,1,0.9845993
0,0,0.0027697324
0,0,0.0068562347
0,1,0.9600043
1,0,0.15813498
0,0,0.0022105891
1,0,0.007272765
0,0,0.0038466526
0,0,0.0043886513
1,1,0.9878685
0,0,0.0029397923
0,0,0.010965237
1,1,0.9535271
0,1,0.99561876
0,0,0.024542397
0,0,0.0023594361
0,0,0.28192645
0,1,0.5171053
0,0,0.0025600889
0,0,0.0023318846
0,0,0.0026923001
0,1,0.9922924
0,0,0.028677644
0,0,0.41081637
0,0,0.0022868556
0,0,0.00434325
0,0,0.0055586025
0,0,0.09395882
1,1,0.9952931
0,0,0.0034332224
0,0,0.006363519
0,0,0.017177435
0,0,0.0032062954
0,0,0.0058279303
1,1,0.9952615
0,0,0.004359449
0,0,0.0022222449
0,1,0.9961933
0,0,0.07654543
0,0,0.016404008
0,0,0.0025948698
1,1,0.9820112
0,0,0.0029084724
0,0,0.20622188
1,1,0.5834684
0,0,0.0024729124
0,0,0.016609814
1,1,0.9959281
0,0,0.003056843
0,0,0.030545693
1,1,0.99615496
0,0,0.051434282
0,0,0.0062296763
0,0,0.034254577
0,0,0.004069666
0,0,0.017721329
0,0,0.0023932126
1,1,0.995823
0,0,0.0023391678
0,0,0.055580568
0,0,0.0051775975
1,0,0.007400541
0,0,0.0062278877
0,0,0.0024436275
0,0,0.005972863
0,0,0.003112794
0,0,0.002942046
0,0,0.003559494
0,0,0.0022587422
0,0,0.0024473185
0,0,0.0029641713
1,1,0.9953538
0,1,0.9960366
1,1,0.9181003
0,0,0.031903878
0,0,0.020979602
0,0,0.002591327
0,0,0.00212777
0,0,0.002523814
1,1,0.89855766
0,0,0.0026525825
0,0,0.016996657
0,0,0.0027974872
1,0,0.04227867
0,0,0.016327497
0,0,0.0031978334
1,0,0.44603947
0,0,0.0047176215
0,0,0.010209769
1,1,0.9880592
0,0,0.004906288
0,0,0.0142648
0,0,0.0026686506
0,0,0.0061093173
1,1,0.9952177
0,0,0.020150196
0,1,0.9278397
0,0,0.002217933
1,1,0.99598503
0,0,0.003249528
0,0,0.0037777622
0,0,0.003725027
0,0,0.002638933
0,0,0.0026447452
0,0,0.0021666607
1,1,0.9962412
0,0,0.0025220541
1,0,0.009178617
0,0,0.0059988084
0,0,0.0031939298
1,1,0.9957794
1,1,0.97554684
1,1,0.9960905
0,0,0.0022831464
1,0,0.32509068
0,0,0.0048782756
1,0,0.13405181
0,1,0.98947525
0,0,0.002405613
0,0,0.0044439263
0,0,0.0026910026
0,0,0.0025439663
0,0,0.02187802
0,0,0.0029399134
0,0,0.0024561314
0,0,0.0039274357
0,0,0.075866476
0,0,0.012385639
1,1,0.9747508
0,0,0.002221268
0,0,0.00855158
0,0,0.0031934471
1,0,0.02051072
0,0,0.009743334
0,0,0.04531106
0,0,0.0021098102
0,0,0.04108036
1,1,0.9960622
1,1,0.9912718
1,0,0.17226768
1,1,0.9953122
1,0,0.004503403
0,1,0.6655201
0,0,0.002247243
0,0,0.0053461683
1,1,0.98590094
0,0,0.0038318478
0,0,0.005324229
0,0,0.0024462733
0,1,0.9931778
0,1,0.57487977
1,1,0.9951748
0,0,0.0031357016
0,1,0.73030466
0,0,0.0030420437
0,0,0.002560352
0,0,0.0021879068
0,0,0.0025451244
0,0,0.00934604
0,0,0.0029815969
0,0,0.002312887
1,1,0.9961273
0,0,0.00439305
0,0,0.0045265732
1,0,0.03391963
0,0,0.0028493905
0,0,0.0063996506
0,0,0.010594384
0,0,0.004775014
0,0,0.0067879194
1,0,0.062459458
0,0,0.008067966
0,0,0.026901444
0,0,0.0028898448
0,0,0.0039407057
0,0,0.0023543548
0,0,0.0028709057
0,0,0.004113395
0,1,0.92617667
0,0,0.002220558
0,0,0.015334761
1,0,0.029779773
1,0,0.01674809
1,0,0.020728558
0,0,0.0037868407
0,0,0.02429048
0,0,0.0036848336
0,0,0.0021852974
0,0,0.03064653
0,0,0.0049001668
1,1,0.9956043
0,0,0.0022870512
0,0,0.023858793
0,0,0.0031603768
0,0,0.018012205
1,0,0.004076417
0,0,0.002260028
1,0,0.07582979
0,0,0.0064786617
0,0,0.0060863425
0,0,0.0030952636
0,0,0.002842811
0,0,0.0023329263
0,0,0.004198114
0,0,0.005284757
0,0,0.041020256
0,0,0.0055406867
0,0,0.0356673
0,1,0.91131294
0,0,0.009860796
0,1,0.76661885
0,0,0.0022973195
0,0,0.091217384
0,0,0.0030125696
0,0,0.011782011
0,1,0.9861059
1,1,0.99581355
0,0,0.045117646
0,0,0.06156473
0,0,0.0026478586
0,0,0.0033963814
0,0,0.0034371254
0,0,0.0051460713
1,0,0.013490506
1,1,0.91987383
0,0,0.0028736887
1,1,0.9929113
0,0,0.0029273846
1,1,0.9957865
0,0,0.0022055232
1,0,0.011819139
0,0,0.031143198
1,1,0.98594725
0,1,0.9947568
0,0,0.0024914772
0,1,0.96881056
0,0,0.0026419996
0,0,0.0021725937
0,0,0.0064872243
0,0,0.0031258436
0,0,0.0025601035
1,1,0.992894
1,0,0.273011
0,1,0.98657775
0,0,0.0093480125
1,0,0.003151035
0,0,0.002265072
0,0,0.0029629497
0,0,0.012720655
0,1,0.9735607
0,1,0.9397371
1,1,0.995626
0,0,0.0047493745
0,0,0.0025762096
0,0,0.016491495
0,0,0.004432218
0,0,0.0050832913
1,1,0.95352405
1,0,0.0036665618
0,0,0.0040021176
1,0,0.0041279616
0,1,0.99065757
0,0,0.0028216788
0,0,0.0030114457
0,0,0.014611812
0,0,0.026554536
0,0,0.0028804194
0,0,0.003841
0,0,0.0026951265
0,0,0.0033584118
0,0,0.0033870202
0,0,0.0028142286
0,0,0.014230705
0,0,0.007118671
0,0,0.0037510388
1,1,0.9961152
1,1,0.99538934
0,0,0.0025179093
0,0,0.009490419
0,0,0.022518886
1,0,0.0043122247
1,1,0.9954283
0,0,0.007073665
0,0,0.0023350404
0,0,0.010700268
0,0,0.105786294
0,0,0.0034681007
0,0,0.0032857317
0,0,0.0040866784
1,0,0.3836456
1,1,0.99620396
0,1,0.9926958
0,0,0.002507403
0,1,0.9946379
0,0,0.0033108077
1,1,0.9950139
0,0,0.00515442
0,0,0.011819796
0,0,0.16128401
0,1,0.70738477
0,0,0.0028355264
0,0,0.004072481
0,0,0.0055344948
1,1,0.9828629
0,0,0.0036250283
0,0,0.0057019
1,0,0.025114099
0,0,0.004008637
0,0,0.008860243
1,0,0.0024028267
0,0,0.0027337526
0,0,0.0025531894
1,0,0.12041187
0,0,0.0050789597
0,0,0.0033623914
0,0,0.0022021332
1,1,0.9660007
1,1,0.7476804
0,0,0.0039885845
0,1,0.9932841
1,0,0.003540652
0,0,0.0058209775
0,0,0.003657974
0,0,0.0024201733
0,0,0.01311095
0,0,0.0022430217
0,0,0.0056480165
0,0,0.0021969748
1,1,0.51860094
1,0,0.06709724
0,0,0.003245061
0,0,0.0051512276
0,0,0.002417356
1,1,0.93396133
0,0,0.0086434055
0,0,0.0035433618
0,0,0.002671011
1,0,0.0035947128
0,0,0.01370847
0,0,0.0024361983
1,1,0.9962458
0,0,0.0024361173
0,1,0.9958742
0,0,0.020934373
0,0,0.0034850333
1,1,0.9949325
0,0,0.0047016665
0,0,0.039573543
0,0,0.004949038
0,0,0.004491048
0,0,0.0073867254
0,1,0.9928584
0,0,0.08091818
0,0,0.004913102
0,0,0.0055417987
0,0,0.0021542935
1,1,0.9962798
0,0,0.002292963
0,0,0.0025837864
0,0,0.0023691151
0,0,0.0038344376
0,0,0.0023882475
0,0,0.0022850428
0,0,0.3177401
0,0,0.019296398
0,0,0.0025354007
0,0,0.0024245451
0,0,0.012914808
0,0,0.011984112
0,0,0.0022362256
0,0,0.002398144
0,0,0.028275205
0,0,0.0023181129
1,1,0.99615425
0,0,0.0057367817
0,0,0.0021770287
1,0,0.003334177
0,0,0.006366131
0,0,0.002844317
1,1,0.99596304
0,0,0.0046616388
0,0,0.026231466
0,0,0.0021057324
0,0,0.0060217436
0,0,0.0025339972
1,1,0.9848754
0,0,0.004101162
0,0,0.007567058
0,0,0.0023449457
1,1,0.99646014
0,1,0.83409846
0,0,0.003427722
0,0,0.0022598568
1,0,0.0039345343
0,0,0.00259913
1,1,0.80526453
0,1,0.9310557
0,0,0.0038831297
0,0,0.0051492797
0,0,0.0029171056
0,0,0.0025681965
0,0,0.0037635968
1,1,0.9826581
1,0,0.0066275243
0,0,0.002349356
1,1,0.9956655
0,0,0.003667073
0,0,0.0060887197
0,0,0.0037288724
1,1,0.99529606
0,0,0.013203759
0,0,0.003922742
1,1,0.9930148
0,0,0.002526984
0,0,0.0054163034
0,0,0.003544347
0,0,0.14939606
0,1,0.5019633
1,1,0.9864042
1,1,0.9957616
0,0,0.0024469984
0,0,0.2203357
1,0,0.14975758
0,0,0.0064727343
0,0,0.003021758
0,0,0.002581884
0,0,0.0049687857
0,0,0.021483103
0,0,0.008397462
1,1,0.9958263
0,0,0.0041614515
0,0,0.00300195
1,1,0.99258024
0,0,0.0022677751
0,0,0.00554962
0,0,0.013917298
0,0,0.008546245
0,0,0.011719888
1,0,0.0062670032
0,0,0.0023873614
1,1,0.94880867
0,0,0.0027877525
0,0,0.0024351128
0,0,0.0025798343
0,0,0.0026842859
0,0,0.012966773
1,0,0.0052559813
0,0,0.00222664
0,0,0.0036985767
0,0,0.0024081937
0,0,0.002337828
1,0,0.23108405
0,0,0.111236945
0,0,0.0073927063
0,0,0.0032081492
0,0,0.0023404986
1,1,0.9942959
0,0,0.005078158
0,0,0.0053588236
0,1,0.8858349
0,0,0.0031430768
1,1,0.8865669
0,0,0.054868896
0,0,0.0027348239
1,0,0.008403071
0,0,0.0024276774
0,0,0.00908664
0,0,0.06309936
0,0,0.0035827733
0,0,0.0077983877
0,0,0.008069988
0,0,0.0115487715
0,0,0.002137401
0,0,0.0035664854
0,0,0.14018345
0,0,0.005354398
1,0,0.0043191765
1,0,0.16611196
0,0,0.023380302
0,0,0.0026850482
0,0,0.0039253137
1,0,0.0096645
0,0,0.00290808
1,1,0.9922955
0,0,0.004707943
0,0,0.019478219
0,0,0.002500833
0,0,0.013514565
0,0,0.005523562
0,0,0.0065437704
0,0,0.0023760728
0,0,0.004669471
0,0,0.0033947385
0,0,0.0035366137
0,0,0.0033123468
0,0,0.025299001
0,0,0.0023920517
0,0,0.006201054
0,0,0.0076079615
1,1,0.9964122
0,0,0.0035074975
1,1,0.9960802
0,0,0.0038035202
1,1,0.99044234
0,0,0.0077779847
0,0,0.0024386423
0,0,0.002826369
1,1,0.99546945
0,0,0.0032680968
0,0,0.49890047
0,0,0.0021713783
0,0,0.002798597
0,0,0.012529754
0,0,0.0028095758
0,0,0.007879808
0,0,0.02952259
0,0,0.010627915
0,0,0.017347047
0,0,0.003721362
0,0,0.0059520053
0,0,0.002291833
1,0,0.0031493593
0,0,0.003877814
0,0,0.047861528
0,0,0.0032305694
0,0,0.0661154
0,0,0.0068725436
0,1,0.9873323
0,0,0.0024365867
0,0,0.0023648343
0,0,0.0028139064
0,0,0.002293531
0,0,0.10843529
0,0,0.0039926805
1,0,0.00969792
0,1,0.99345845
1,1,0.9955668
0,1,0.99158233
1,0,0.0045011267
0,0,0.013594683
0,0,0.009639642
0,0,0.002340022
1,0,0.003973185
1,0,0.009921063
0,0,0.0025838076
1,0,0.028325686
0,0,0.003872781
0,0,0.0022463899
0,0,0.007520953
0,0,0.0025411488
1,1,0.8916216
0,0,0.00712883
0,0,0.0129345395
0,0,0.008267965
0,0,0.0051933234
0,0,0.0024099997
0,0,0.00225659
0,0,0.065039866
0,0,0.00706409
0,1,0.9891283
0,0,0.0031273603
0,0,0.007822732
0,0,0.0023456304
0,0,0.0067336964
1,1,0.9959279
0,0,0.0022305727
0,0,0.0042560273
0,0,0.006167084
1,0,0.0035722856
1,1,0.9957141
0,0,0.015406227
1,1,0.99599034
0,0,0.0039703515
0,0,0.0028760235
1,1,0.9959396
0,0,0.0022374773
0,0,0.004589357
0,0,0.0020792612
0,0,0.020575678
0,0,0.021293774
0,0,0.025010103
0,0,0.00785677
0,0,0.0024632323
0,0,0.0023163336
0,0,0.002292559
0,0,0.0027183923
1,1,0.9957267
0,0,0.0044298186
1,1,0.99592245
1,1,0.9934731
0,1,0.9947642
0,0,0.005295062
0,0,0.004027492
1,0,0.0024895533
1,1,0.99646485
0,0,0.003623541
1,1,0.9959906
0,0,0.0024043268
1,0,0.039218105
0,0,0.0026307092
0,0,0.0073909843
0,0,0.0027617533
0,0,0.011732132
0,0,0.002432192
0,0,0.004255888
0,1,0.9936248
0,0,0.0116069205
0,0,0.0039634015
0,1,0.7368382
1,0,0.18405779
1,1,0.9954165
0,0,0.002260632
0,0,0.007975772
0,0,0.0024567016
1,1,0.95761895
0,0,0.0025659928
0,0,0.003772588
1,1,0.9958456
0,0,0.012160863
1,1,0.9961093
1,1,0.98783976
0,0,0.002604572
0,0,0.0027976683
0,0,0.0023539911
1,1,0.9939255
0,0,0.0024987073
0,1,0.7691029
0,0,0.0022533413
1,0,0.0025381963
0,0,0.0027555893
1,1,0.9963727
0,0,0.003112309
1,1,0.99656326
0,0,0.00240022
1,1,0.97879606
0,0,0.002489667
0,0,0.007656739
0,0,0.0023117934
0,0,0.0072834897
0,0,0.003605756
0,0,0.0041822856
0,0,0.0031990646
0,0,0.014105625
0,0,0.0021802485
0,0,0.014036445
0,1,0.884164
0,0,0.002423858
1,1,0.99611735
1,1,0.9514002
0,0,0.0023521006
0,1,0.9645198
0,0,0.050054975
1,1,0.996188
0,0,0.0049782405
1,1,0.99631566
0,0,0.012171305
0,0,0.0037937853
0,0,0.004625514
1,0,0.0055411654
0,0,0.005728361
0,0,0.0034683147
0,0,0.009154467
0,1,0.996151
0,0,0.0076443367
0,0,0.0077466615
0,0,0.0052056797
0,0,0.0039444547
1,1,0.9954436
0,0,0.0027230796
0,0,0.0028740454
0,0,0.0028176082
0,0,0.44742313
1,0,0.0044742995
0,0,0.00250439
0,0,0.05055872
0,0,0.010471461
0,0,0.043338213
0,0,0.0027699368
0,0,0.0025794487
0,0,0.003278728
1,1,0.9919369
0,0,0.0021729844
0,0,0.0021577463
0,0,0.002132692
0,0,0.0037134786
0,1,0.8421023
1,0,0.010385649
0,0,0.14141707
0,1,0.9882583
0,0,0.002804749
0,0,0.018819667
0,0,0.0026638738
0,0,0.004511647
1,0,0.0037413803
0,0,0.003106977
0,0,0.0031171723
1,0,0.2840991
1,1,0.951411
1,1,0.9821786
0,0,0.016719686
0,0,0.0038795942
0,0,0.003706385
0,0,0.0025604158
0,0,0.01404069
0,0,0.0025485074
0,0,0.010561407
0,0,0.0032196047
0,0,0.01427923
0,0,0.0035169437
1,0,0.03716066
0,0,0.0027595926
0,0,0.010851463
1,1,0.9042752
0,0,0.0046696574
1,0,0.048239417
0,0,0.0029124396
0,0,0.017553465
0,0,0.004051886
0,0,0.017164381
0,0,0.0023247844
0,1,0.99530053
1,1,0.9958189
0,0,0.0024250008
0,1,0.9781172
1,1,0.9960658
0,0,0.0026755154
0,0,0.0023393254
0,1,0.96875226
0,0,0.0022399088
0,0,0.0023856189
0,0,0.002480623
0,0,0.024113914
0,0,0.0024965308
0,0,0.0024511886
0,0,0.045546003
0,0,0.00433381
0,0,0.01571813
0,0,0.0031840468
1,1,0.988101
0,0,0.0050767125
0,0,0.002664007
0,0,0.013990227
0,0,0.004359006
1,1,0.9917719
0,0,0.047068078
0,0,0.0054188627
1,1,0.9799867
1,1,0.99573874
0,0,0.022021113
1,0,0.07185871
0,0,0.0025018572
0,0,0.0022093977
0,0,0.04635428
0,0,0.008851821
0,0,0.010473993
1,0,0.03914806
0,0,0.011670867
0,0,0.0023072753
0,0,0.005711718
0,0,0.0024688637
1,0,0.39838356
0,0,0.0035403885
0,0,0.002577911
0,1,0.87462056
0,0,0.00362568
1,0,0.0023465168
0,0,0.033826172
0,0,0.002344301
0,0,0.004000392
0,0,0.005804667
0,0,0.00233866
0,0,0.014088178
1,1,0.99530965
0,1,0.8106641
0,0,0.028863166
0,0,0.012262343
0,0,0.0054821908
0,0,0.0047403914
0,0,0.0029470406
0,1,0.65994686
0,0,0.0021107297
0,0,0.020970814
0,0,0.00435789
0,0,0.0024546178
1,1,0.9963741
1,1,0.9953317
1,1,0.99539655
1,0,0.014540956
0,0,0.0035758829
0,0,0.06814184
0,1,0.9922665
0,0,0.004018942
0,0,0.01137634
1,0,0.08826846
0,0,0.1438817
0,1,0.9826266
0,0,0.00613278
0,0,0.0036758797
0,0,0.00220402
0,0,0.0023359228
1,1,0.7862037
0,0,0.005967893
1,1,0.9957967
0,0,0.0030871492
1,1,0.9960084
0,0,0.0031751266
0,0,0.2916458
0,0,0.0027400907
0,0,0.0032938104
0,0,0.0024215253
0,0,0.0063709593
0,0,0.002407251
0,0,0.0066734343
0,1,0.98886395
0,0,0.0031392735
1,0,0.05899207
1,0,0.01783171
1,0,0.010239987
1,1,0.9963916
0,0,0.0021936253
0,0,0.0030780362
0,0,0.018330391
1,0,0.2942381
1,0,0.003094525
0,0,0.0022720064
0,0,0.011384269
0,0,0.0027844897
0,0,0.0041631474
0,1,0.5043898
1,1,0.9958995
1,1,0.88034606
0,0,0.0028917799
0,1,0.9917361
0,0,0.009035236
0,0,0.003932952
0,0,0.0041328142
0,0,0.002511087
1,1,0.9778431
0,0,0.0026717633
0,0,0.0037283185
0,0,0.0036963688
0,0,0.0022089204
1,0,0.007160598
1,0,0.039408643
0,0,0.004769701
1,0,0.048844542
0,1,0.98892164
0,0,0.002178531
1,0,0.01611561
0,0,0.0039638886
1,0,0.005587508
0,0,0.0038227113
0,0,0.0030092217
0,0,0.002816076
0,0,0.002466447
0,0,0.0030425552
0,0,0.0033718178
1,1,0.9953139
0,0,0.004044582
1,1,0.9895835
0,0,0.0027358958
0,0,0.0024414351
0,0,0.0021566744
0,0,0.0036825307
0,0,0.003402143
0,0,0.0043952526
0,0,0.0021812082
0,0,0.0041617975
0,0,0.0027591775
0,0,0.0052896366
0,0,0.032418206
0,0,0.0054351087
1,1,0.961148
0,0,0.002153406
1,1,0.9958901
1,0,0.0037692043
0,0,0.0032973813
0,0,0.0025258367
0,0,0.0077183004
0,0,0.0027404116
1,1,0.8159566
0,1,0.92233264
1,1,0.9857964
0,0,0.009026958
0,0,0.0038790961
0,0,0.0026371016
0,0,0.003253173
0,0,0.0071990346
0,0,0.27217212
0,0,0.0023939689
0,0,0.010788944
0,0,0.0039770533
0,0,0.004286927
1,0,0.005505638
0,0,0.0031977952
0,1,0.9794301
0,0,0.011244476
0,0,0.0025015953
0,0,0.0027644495
1,1,0.9910529
1,0,0.0038152295
0,0,0.0023707165
0,0,0.002515777
1,1,0.99412966
0,0,0.0032165945
0,0,0.0037697663
0,0,0.003960957
0,0,0.0070132865
0,0,0.0020944192
0,0,0.002515308
0,0,0.006226495
0,0,0.0021943017
0,0,0.0030271097
0,0,0.0022567431
0,0,0.0043461956
1,1,0.99247015
0,0,0.007069439
0,0,0.0021956384
0,0,0.0025064573
1,0,0.121484675
1,1,0.9108975
0,0,0.0021412976
0,1,0.66245115
0,0,0.0052980133
0,0,0.0022464048
0,0,0.005867235
1,0,0.0048247883
0,0,0.0026628624
0,0,0.0030497871
0,0,0.012520695
0,0,0.0021459188
0,0,0.0026626913
0,0,0.27362543
1,1,0.9964845
0,0,0.0023823946
0,0,0.006625867
0,0,0.002671204
0,0,0.006591595
1,0,0.26004502
0,0,0.007100757
0,0,0.0023178635
1,1,0.79264057
0,0,0.00260425
0,0,0.011803183
0,0,0.0040262626
0,0,0.0040457365
0,0,0.0034401058
1,1,0.9758218
0,0,0.0024217167
1,1,0.99649554
0,0,0.0028925429
0,0,0.026243977
0,0,0.0034129424
1,0,0.009987304
0,0,0.005565222
0,0,0.002770362
0,0,0.0027667272
0,0,0.005415718
0,0,0.0028965436
1,0,0.10147348
0,0,0.0023279628
1,1,0.8531117
1,1,0.9652422
1,0,0.0026185378
0,0,0.008723795
0,0,0.0023096565
0,0,0.0066485535
0,0,0.005863148
1,0,0.006248545
1,0,0.32661328
0,0,0.0028175453
0,0,0.003229897
0,0,0.0056322836
0,0,0.0060445326
0,1,0.969639
0,0,0.002621835
0,0,0.0075286236
0,0,0.16155788
0,0,0.0022551666
0,0,0.019174725
0,0,0.0052106953
0,0,0.026538135
0,0,0.002137853
0,0,0.0021684533
0,0,0.0159112
0,1,0.6644203
0,0,0.004493061
0,0,0.0025104221
0,0,0.002287469
0,0,0.0033225035
0,0,0.007423466
0,0,0.4612397
0,1,0.9905033
0,0,0.002324802
0,0,0.0072140517
0,0,0.003984482
0,0,0.2819097
1,0,0.045697045
0,1,0.97176546
0,0,0.0041703056
1,1,0.99603313
0,1,0.90016973
0,0,0.00480986
0,0,0.056302194
0,0,0.0032146075
0,1,0.97039604
0,1,0.99486357
0,0,0.027317293
0,0,0.0025957734
0,0,0.0030283532
1,1,0.995492
0,0,0.0242796
0,0,0.0067707705
0,0,0.002232452
1,1,0.9959092
0,0,0.002514106
0,0,0.0063478933
1,1,0.9959097
1,1,0.96410066
0,0,0.0036160492
0,0,0.0022865925
1,0,0.012182615
0,1,0.9791951
1,1,0.8980365
0,0,0.0028959613
0,0,0.0023773795
1,1,0.99606496
0,1,0.96809644
0,1,0.78138095
0,0,0.0031355557
0,0,0.0025087988
0,0,0.28185314
1,1,0.68839544
1,0,0.009777188
0,0,0.029204156
1,1,0.99585694
1,0,0.003744053
0,0,0.005879315
0,0,0.0026781529
0,0,0.0027243723
0,0,0.007890972
0,0,0.0038769816
0,0,0.016857151
0,0,0.0043619415
1,1,0.9964941
0,0,0.00298614
0,0,0.0035818205
0,0,0.0030484914
0,0,0.014198946
0,0,0.0034940355
0,0,0.0038982427
1,1,0.984726
0,0,0.0025402447
0,0,0.009503409
0,0,0.21705166
0,0,0.14284848
0,0,0.115769364
0,0,0.00911931
1,0,0.025962036
0,0,0.0055292537
1,1,0.996405
0,0,0.0029122347
1,1,0.9961204
0,0,0.0024811316
1,0,0.0028088065
0,0,0.0021982852
0,0,0.009765041
0,0,0.0032257764
0,0,0.0041227387
0,0,0.0022347206
1,1,0.9690776
0,1,0.9855762
0,0,0.002326518
0,1,0.90913886
0,0,0.0025783903
1,0,0.13999009
0,0,0.0022841168
0,0,0.015108069
0,0,0.003712969
1,1,0.99633586
0,0,0.011799974
0,1,0.99560094
0,0,0.0074740946
1,0,0.014811215
0,0,0.0035119136
0,0,0.0027166188
0,0,0.002729365
0,0,0.007332417
0,1,0.9906653
0,0,0.002638535
0,1,0.99214387
1,1,0.9965126
0,0,0.004121153
1,0,0.00239568
0,0,0.009226042
0,0,0.004885461
0,0,0.003519438
0,0,0.023095224
0,0,0.0030247632
0,0,0.037120957
0,0,0.0065105
0,0,0.002553107
0,0,0.013656379
0,0,0.0036581722
1,0,0.0033746874
0,0,0.003973521
0,0,0.006858436
0,0,0.0046576294
0,0,0.046505224
0,0,0.15584475
0,0,0.031227559
0,0,0.32224697
0,0,0.0027085633
0,0,0.0022288698
0,0,0.009848689
1,1,0.9768886
0,0,0.0044101365
1,1,0.9930079
0,0,0.0025198106
0,0,0.003692723
1,1,0.9877418
1,1,0.9915678
0,0,0.0029088266
0,0,0.005540535
1,1,0.99610186
0,0,0.0025731104
0,0,0.002548287
0,0,0.004101458
1,1,0.993129
0,0,0.0024420726
0,0,0.041080717
1,0,0.004050878
0,0,0.004733551
0,0,0.0026428958
0,0,0.0024024232
1,1,0.99367636
0,0,0.0032534855
0,0,0.008720278
0,0,0.002132567
1,1,0.99618894
0,0,0.0031405946
0,0,0.0029836034
1,0,0.0110193575
0,0,0.0030782116
0,0,0.007353341
0,0,0.002464371
0,0,0.0024660456
0,0,0.011390195
0,0,0.0022312265
0,0,0.012392279
0,0,0.004342075
0,0,0.4207511
1,1,0.9959281
0,0,0.008906314
0,0,0.011392537
0,0,0.004859006
0,1,0.98135287
1,1,0.8896651
0,0,0.0039195716
0,0,0.040035997
0,0,0.0032366002
0,0,0.014200535
0,1,0.993432
0,0,0.003598525
1,1,0.96466553
0,1,0.9926206
1,0,0.023361973
0,0,0.14517671
1,0,0.014549041
1,1,0.9952047
0,0,0.0022773494
0,0,0.0055406815
0,0,0.0022347227
0,0,0.002125488
0,0,0.024791472
0,1,0.62592244
0,0,0.038515482
0,0,0.0067149056
1,0,0.4535627
0,1,0.91905016
0,0,0.0032868169
1,1,0.9963972
0,1,0.99300015
0,1,0.96536094
1,0,0.0040439153
1,0,0.0044237277
0,0,0.0034060243
0,0,0.002934176
0,1,0.9486374
0,0,0.074478075
0,0,0.0023477229
0,0,0.009421175
1,1,0.99565953
0,0,0.0028405436
1,1,0.99650145
0,0,0.0070149475
0,1,0.7193521
0,0,0.0021849337
0,0,0.004347213
0,0,0.009461224
0,0,0.0026311346
1,1,0.9960115
0,1,0.95594066
0,0,0.0036381138
1,0,0.0023890997
0,0,0.004148573
0,0,0.005406641
0,0,0.0044616526
0,0,0.004427535
0,0,0.0022970114
0,0,0.0021536322
0,0,0.12915681
0,0,0.0022428916
1,0,0.008199341
1,0,0.24830617
0,0,0.0022146832
0,0,0.009092922
0,0,0.0041420106
0,0,0.0033228796
0,0,0.0029777547
0,0,0.0031300639
0,0,0.00291361
1,1,0.9961712
1,1,0.9961351
0,0,0.010628367
0,0,0.002282434
0,0,0.13973382
0,0,0.0026340357
0,0,0.0030541949
0,0,0.08715439
0,0,0.018431475
0,0,0.08433171
0,0,0.0124464
0,0,0.005542411
0,0,0.0022438413
0,0,0.0023286308
0,1,0.6726527
0,1,0.9406313
0,0,0.0076982
0,0,0.018024014
0,1,0.9891406
0,0,0.003324819
0,0,0.006733209
0,0,0.002277347
0,0,0.005926834
0,0,0.014366818
0,0,0.0050096423
0,0,0.0023615486
0,0,0.002520537
0,0,0.002806023
0,0,0.011190217
1,1,0.995565
0,0,0.0029580658
0,0,0.0022491352
1,1,0.9954856
0,0,0.002672635
1,1,0.99575645
1,1,0.9959857
0,1,0.77169865
1,1,0.99606186
0,0,0.0025230641
0,0,0.0035287533
1,0,0.0036485845
0,0,0.0041606887
0,0,0.02368773
0,0,0.002638032
0,0,0.13583592
1,1,0.99562246
1,0,0.009526413
0,0,0.0036873587
0,0,0.0037211182
0,0,0.014418686
0,1,0.94522315
0,0,0.06983342
0,0,0.0028992584
0,0,0.0027748658
0,0,0.0037784742
0,0,0.0027659037
0,0,0.002673096
0,0,0.0023796256
0,1,0.9937078
0,0,0.0037431382
0,0,0.004229141
0,0,0.0023297456
0,0,0.002280709
0,0,0.006296236
1,0,0.006625274
1,0,0.005469596
0,0,0.0025385949
0,0,0.13189362
1,1,0.99630463
1,0,0.011319259
0,0,0.003164348
1,1,0.98217803
0,0,0.014398446
1,1,0.9958276
0,0,0.0031228561
0,0,0.0036839324
0,0,0.0060618846
0,0,0.0036600742
1,1,0.98766637
0,0,0.0047897426
0,0,0.002596565
0,0,0.0027966294
0,0,0.05293589
0,0,0.002498486
0,0,0.0032111197
0,0,0.0056993994
0,0,0.0034135918
0,0,0.014562316
0,0,0.0027391075
0,0,0.0023611484
0,0,0.0026922955
1,1,0.9908212
1,0,0.0029065819
0,0,0.002153131
0,0,0.012180597
0,0,0.0034129329
0,0,0.0038629123
0,0,0.0037593367
0,0,0.010135797
0,0,0.0040513123
0,0,0.0035193677
0,0,0.0048671495
0,0,0.012257551
0,0,0.002735127
0,0,0.0031517718
0,0,0.0036542104
1,0,0.057830207
0,0,0.00276334
0,0,0.0054616546
0,0,0.0023003947
0,0,0.005761415
0,0,0.0024467967
0,0,0.0073507167
0,0,0.010502557
0,0,0.0024998127
1,1,0.97032815
0,0,0.0022233382
0,0,0.0023360471
0,0,0.004682196
1,0,0.036617476
0,1,0.98753905
0,0,0.0052569755
1,1,0.77579963
0,0,0.012893391
0,0,0.0026917232
0,0,0.0057073976
0,0,0.0053529814
0,0,0.20473984
1,0,0.0072565847
0,1,0.9895019
1,1,0.9954431
1,0,0.003109427
0,1,0.98890483
0,0,0.068662085
1,1,0.9960532
0,0,0.0033846274
0,0,0.003132094
1,0,0.0039169514
0,0,0.0023294522
0,0,0.0055509876
0,0,0.0026484507
0,0,0.0026002158
0,0,0.1269016
0,0,0.0034966064
0,0,0.0026001143
0,0,0.005277783
1,1,0.52156717
0,0,0.003481961
1,1,0.9960544
1,1,0.5533218
1,0,0.005680464
0,0,0.002541933
1,1,0.98405474
0,0,0.009345223
1,0,0.1864493
0,0,0.011075706
0,0,0.003058215
1,1,0.9900949
0,0,0.030930618
0,0,0.0074706357
0,0,0.0034777464
0,0,0.006198998
0,1,0.9926605
0,0,0.002313021
0,0,0.003590285
0,0,0.0034402283
0,0,0.021085639
0,0,0.002323512
0,0,0.02043346
1,1,0.9960026
0,0,0.0045187715
0,1,0.9747338
0,1,0.99489933
0,0,0.41885918
0,0,0.0036059064
0,0,0.003353316
0,0,0.0026935171
0,0,0.0030338103
0,0,0.02031573
1,1,0.9952868
1,1,0.9961773
0,0,0.0139469905
0,0,0.0040956265
0,0,0.0039138384
0,0,0.25565463
1,1,0.9909696
0,0,0.0046955612
0,0,0.004508226
0,0,0.43893418
0,0,0.022907482
1,1,0.99590755
1,1,0.9881809
0,0,0.053454887
0,0,0.002448815
0,0,0.06964375
0,0,0.24277365
1,1,0.98630744
0,0,0.0060429694
0,0,0.0035925016
0,0,0.0024230327
0,0,0.002236945
0,0,0.0028374929
0,0,0.006139794
1,1,0.99213094
0,0,0.0025031702
0,1,0.659355
0,0,0.0024895906
0,0,0.004357563
0,0,0.0042592785
0,0,0.0023018068
1,1,0.96002156
1,0,0.010295485
0,1,0.96385676
1,1,0.99387676
0,0,0.0057243025
1,1,0.99588555
0,0,0.002344939
0,0,0.00354232
1,1,0.9959239
1,0,0.08044765
0,0,0.016789535
0,0,0.0022904682
0,0,0.016352717
0,0,0.0026641367
0,0,0.06501163
1,1,0.9958859
0,0,0.0024247377
0,0,0.09597538
0,0,0.0044635334
1,0,0.002606007
0,1,0.955029
1,0,0.16503799
0,1,0.71339446
0,0,0.0023159569
0,0,0.004510899
0,0,0.0025407702
0,0,0.002781323
0,0,0.0036696033
1,0,0.010785524
0,0,0.06128421
0,0,0.0080242595
0,0,0.0032559263
0,0,0.0032055564
0,0,0.003336485
0,0,0.02861704
0,0,0.0074501145
0,0,0.0045407703
0,0,0.005502767
1,0,0.0034831297
0,0,0.0028502904
0,0,0.0038887907
0,0,0.0034150404
0,0,0.003575313
0,0,0.0033935257
0,0,0.006396377
1,1,0.9780773
0,0,0.0035197388
0,0,0.002331881
1,0,0.33887482
0,0,0.007694139
0,0,0.0071125333
1,1,0.9855428
0,1,0.99285746
0,1,0.9680473
0,0,0.08228183
0,0,0.0057025864
0,0,0.007664453
0,0,0.0028015394
1,1,0.99460065
1,0,0.007379861
0,1,0.9757092
1,1,0.9960226
0,0,0.13708408
0,0,0.0045885225
1,1,0.9963207
1,1,0.99612707
0,0,0.0026710583
0,0,0.004925878
0,0,0.003248896
0,0,0.01936295
0,1,0.9947661
0,0,0.016237622
0,0,0.24953075
0,0,0.0032153302
0,0,0.012761302
0,0,0.0021580155
0,0,0.0062596872
0,0,0.0046796147
0,0,0.0028124175
0,0,0.027624827
0,0,0.002454178
1,0,0.0110589005
1,1,0.7911139
0,0,0.0035669974
0,0,0.031152269
1,1,0.9963134
0,0,0.0038328606
0,0,0.0034472246
0,0,0.0065287347
0,1,0.99608153
0,0,0.003119479
0,0,0.0023388239
1,0,0.3575041
1,0,0.37703595
0,0,0.0036688852
0,0,0.002951932
0,0,0.0022513962
0,0,0.0026381048
0,0,0.01342842
0,0,0.004778754
1,0,0.087465554
0,0,0.0032784613
0,0,0.012468058
0,0,0.0062286197
0,1,0.67091626
0,0,0.003032442
0,0,0.0032649017
1,0,0.06205492
0,0,0.0034972595
0,0,0.0026872698
1,0,0.014063787
0,0,0.004893136
1,0,0.09296643
0,0,0.014100434
1,0,0.002977928
0,0,0.017554862
1,0,0.0025928125
0,0,0.004035371
0,0,0.0031687533
0,0,0.0031493516
0,0,0.01419597
0,0,0.008170457
0,1,0.98223025
0,0,0.002473682
0,0,0.0075255246
1,1,0.985786
0,0,0.002675822
0,0,0.0029252234
0,0,0.0036582225
0,0,0.0024161774
0,0,0.004247603
1,1,0.9955865
1,1,0.55625427
1,0,0.011670989
1,1,0.9778005
0,0,0.007186429
0,0,0.0022356638
0,0,0.004803642
0,0,0.0024441038
0,0,0.008557992
0,0,0.07261956
1,1,0.9946154
0,0,0.0027692702
0,0,0.004647278
0,0,0.0039312486
0,1,0.96966916
0,0,0.0023244382
1,1,0.99400145
0,0,0.0053804037
1,0,0.032227144
0,0,0.0043592337
0,0,0.010659961
0,0,0.0023078145
0,0,0.0026843166
0,0,0.0022223506
0,0,0.005004929
0,1,0.99454814
0,0,0.0038454672
0,0,0.0057856194
0,0,0.0024550566
0,0,0.0026871765
1,1,0.9963245
0,0,0.0028429436
1,1,0.9964966
0,0,0.0058799004
0,0,0.0049450477
0,0,0.01567774
1,1,0.9856857
0,0,0.067819424
1,1,0.99631727
0,0,0.0027673768
0,0,0.002935232
0,0,0.004771186
0,0,0.0029544563
1,0,0.2767213
0,0,0.0024273389
0,0,0.0032214932
0,0,0.01902096
1,1,0.6624078
0,0,0.0136308465
1,0,0.0027252976
0,0,0.0044591185
0,0,0.0025586498
0,0,0.10255727
0,0,0.002846598
1,1,0.9922552
0,0,0.0049082995
1,1,0.9951578
0,0,0.0037048971
0,0,0.0022782735
0,0,0.00558709
0,0,0.008406823
0,0,0.0027074893
0,0,0.0022911017
0,0,0.002249771
1,0,0.10378042
0,0,0.007742485
1,1,0.9896708
1,0,0.0043320283
0,0,0.0024634334
0,0,0.010182751
1,1,0.99435425
0,0,0.002482349
0,0,0.04215662
0,0,0.0030691484
0,0,0.0022460525
0,0,0.0037979214
0,0,0.0025702347
1,1,0.50714594
0,0,0.0023126286
0,0,0.0045821695
0,0,0.071630344
0,0,0.005159187
0,0,0.037636638
0,0,0.002256168
1,1,0.99567884
0,0,0.0038597006
0,0,0.41600102
1,1,0.995992
0,0,0.002496291
1,1,0.604746
1,0,0.11388466
0,0,0.0053664027
0,0,0.005394523
0,0,0.012637962
0,0,0.004126754
0,0,0.0027133643
0,0,0.002932636
0,1,0.84782135
0,0,0.03380383
0,0,0.0033091058
0,0,0.29294384
0,0,0.20730624
0,1,0.9912635
0,0,0.0050237277
0,0,0.0024749956
0,0,0.0027346523
0,1,0.95784825
0,0,0.0055362647
1,1,0.996222
1,1,0.9962565
1,0,0.005935558
0,0,0.18953197
0,0,0.003077455
0,0,0.008924981
0,0,0.0033449426
1,1,0.9939786
0,0,0.0022851382
0,0,0.0030668208
0,0,0.010628802
0,0,0.032367975
0,0,0.0064447313
0,0,0.03732085
0,0,0.004865244
0,0,0.0069462354
0,0,0.0026722334
0,0,0.010911968
1,0,0.015565772
1,1,0.996018
0,0,0.0023319079
0,0,0.021238798
0,0,0.0035213863
0,0,0.014145382
0,0,0.0023410511
0,0,0.0027957347
1,0,0.009833403
1,1,0.9954425
0,0,0.0030772914
0,1,0.9897522
0,0,0.007878958
1,0,0.08996975
1,0,0.0088263685
0,1,0.9909471
0,0,0.007324411
0,1,0.9918893
1,1,0.9939044
0,0,0.0061525335
0,0,0.018817686
0,0,0.006836298
0,0,0.002465851
0,0,0.0026738783
0,0,0.002436042
1,0,0.039919585
0,0,0.0027153702
1,0,0.005590184
0,0,0.0021593631
0,0,0.0034257763
0,0,0.0033633711
0,0,0.008925444
0,0,0.0028070176
1,1,0.996234
0,0,0.0047313073
0,0,0.0023188663
0,0,0.0066604866
1,1,0.9958462
1,0,0.00885419
0,0,0.011049329
0,0,0.0023912827
0,1,0.5999176
0,1,0.9810327
0,0,0.0067367204
0,0,0.0024998055
0,0,0.0025039052
0,0,0.0070943995
0,0,0.009165928
0,0,0.019790413
0,0,0.0030027793
0,0,0.028952258
0,0,0.0037474479
0,0,0.0073627196
1,1,0.97486985
0,0,0.0077304337
0,0,0.0026541445
0,0,0.002723256
1,1,0.99131775
0,0,0.0026586852
1,1,0.99625224
0,0,0.0023973924
1,1,0.99602216
0,0,0.0025716373
0,0,0.0027306918
0,0,0.002926441
0,0,0.0029963637
1,0,0.081123345
0,1,0.9957867
0,0,0.002606012
1,0,0.002319195
1,1,0.9961069
0,0,0.006728223
0,0,0.003032247
0,0,0.007818145
0,0,0.005344951
0,0,0.002747161
1,1,0.9961175
0,0,0.0029263408
1,0,0.24022444
0,0,0.021831453
0,0,0.0037422855
0,0,0.0022903515
0,0,0.008389577
1,1,0.9887317
1,1,0.987153
1,1,0.9903562
0,0,0.0043604067
0,0,0.0035138573
0,0,0.059293393
0,0,0.017362723
0,0,0.0056731533
1,1,0.9963153
0,0,0.0026638818
0,0,0.020106284
0,0,0.0035375129
0,0,0.0028309633
1,0,0.060623348
0,1,0.60712403
0,0,0.012406877
0,0,0.0023663626
0,0,0.08344377
0,0,0.0053584366
0,0,0.0035512869
0,0,0.004266575
0,0,0.0038751443
1,1,0.99597836
0,0,0.012686469
1,0,0.00555903
1,1,0.9954591
0,0,0.0037394806
1,1,0.9957243
0,0,0.055474576
0,0,0.0027476535
0,0,0.0022865455
1,1,0.9948743
1,1,0.9944141
0,0,0.0031998102
0,0,0.0033636957
0,0,0.002638204
1,1,0.99399287
0,1,0.9645715
1,0,0.0027540682
0,0,0.0029767642
0,0,0.0032316626
0,1,0.9614071
0,0,0.002296264
1,0,0.016235108
0,0,0.0026411568
0,0,0.012168657
0,0,0.0034209804
1,1,0.99639183
0,0,0.00805653
1,0,0.014615917
0,0,0.004467417
0,0,0.004430849
0,0,0.011602983
0,0,0.016170895
0,0,0.008390619
1,1,0.99350834
0,1,0.99117565
1,1,0.99541855
0,0,0.006099348
0,0,0.00885491
1,1,0.9953178
1,0,0.060140338
0,0,0.010167714
0,0,0.025118425
0,0,0.19657157
0,0,0.0027779762
0,0,0.0049875868
0,0,0.002495842
1,0,0.027342215
0,0,0.002246683
0,0,0.0027368173
0,0,0.0024220936
0,1,0.9951664
1,1,0.99509746
0,0,0.002483087
0,0,0.003433263
0,0,0.0035845696
0,0,0.024415184
0,0,0.0052882624
1,1,0.99602085
0,0,0.0021396137
0,0,0.0022454092
0,0,0.0024577945
0,0,0.0023383752
0,0,0.0026016629
1,0,0.018270887
1,0,0.3344214
0,0,0.012616095
0,0,0.009216574
1,1,0.99314004
0,0,0.022462795
0,0,0.004027882
0,1,0.9822466
1,0,0.3757615
0,0,0.00836525
1,0,0.032306105
0,0,0.008829464
0,0,0.0028137097
0,0,0.0022838884
0,0,0.008504465
0,0,0.07510873
0,0,0.009226735
0,0,0.0023358893
0,0,0.00255946
0,0,0.09523655
0,0,0.008611834
0,0,0.005241732
0,0,0.027758958
0,1,0.86478263
0,0,0.0060244706
0,0,0.002241925
0,0,0.00647783
0,0,0.047427844
0,0,0.0029568833
0,0,0.007874638
1,0,0.06789265
0,0,0.0027666627
0,1,0.9950576
0,0,0.044526193
0,0,0.0021555587
0,0,0.002972298
0,0,0.0031326297
0,0,0.0026849878
0,0,0.0061598774
0,1,0.9949222
0,1,0.9711158
0,0,0.008231806
0,0,0.0027984052
0,0,0.0032669974
1,1,0.9941292
0,0,0.067072436
0,0,0.004584597
0,0,0.004394226
0,0,0.011951667
0,0,0.0033356927
1,1,0.76548463
0,0,0.0026905304
0,0,0.009606494
0,0,0.0029263797
0,0,0.0033853818
1,1,0.9945364
0,0,0.006991738
0,0,0.0029191636
0,0,0.010055255
0,0,0.0026450194
0,0,0.14822681
0,0,0.002814172
0,0,0.006320091
0,0,0.0036086624
0,0,0.004740894
1,1,0.99594754
1,1,0.9801995
1,0,0.026911542
0,0,0.003369899
0,0,0.16373947
0,0,0.0032412028
0,0,0.004004162
0,0,0.03239996
1,0,0.16330548
0,0,0.017090121
0,0,0.0050591026
0,0,0.003264285
0,1,0.806832
0,0,0.0031242836
0,0,0.015113237
1,1,0.9956915
0,0,0.025620788
0,0,0.067851014
0,0,0.002792944
0,0,0.027353128
0,0,0.020737702
1,1,0.9962702
0,0,0.002249085
0,0,0.0025812883
0,0,0.021186216
0,0,0.0049263523
0,0,0.004325321
0,0,0.002357676
0,0,0.0042304243
0,0,0.014519183
0,0,0.009925093
0,0,0.0023313842
0,1,0.99022245
1,1,0.99588203
0,0,0.0026417146
0,0,0.002187724
0,0,0.08426113
0,0,0.002739067
0,0,0.005421691
0,0,0.01226214
0,0,0.002799595
0,0,0.008798866
0,0,0.0021360246
0,0,0.022656515
1,1,0.9945181
0,0,0.0032745404
